"chr1_778492_779012",50.1057614723897,0.480150249500292,0.26727292116562,1.7964792220861,0.0724183343279419,0.32495348329068
"chr1_16644423_16644954",36.5546749862271,1.22991848700608,0.325824035027923,3.77479361490529,0.000160140190292001,0.00661835870022358
"chr1_24668944_24669632",44.056791350216,1.59000915188102,0.316400163432694,5.02531077933294,5.02617926700104e-07,8.8988193664274e-05
"chr1_65165454_65165953",16.2743038315872,-2.43680052368448,0.606215352416576,-4.01969450950159,5.82736538091154e-05,0.00304322835804168
"chr1_66395324_66395928",24.1377038727669,-1.84839913610728,0.438483819523329,-4.21543293915989,2.49299466543413e-05,0.00163251308205438
"chr1_66564277_66564776",17.7970371111933,-2.76773977454945,0.574945271133487,-4.8139186693247,1.47999060035607e-06,0.000198084873334509
"chr1_67686744_67686905",13.240940032334,-2.2082505064486,0.58539350863138,-3.77224973268218,0.000161782208226588,0.00664790443603867
"chr1_69911152_69911844",25.8866085798297,-2.10758678538982,0.424828983718381,-4.96102400298313,7.01225251937737e-07,0.000116933387651617
"chr1_78277252_78277751",28.1173299574028,-2.31281309456312,0.433991643783646,-5.32916503737135,9.86653093327263e-08,2.39823593413666e-05
"chr1_82225403_82225902",19.8135503886792,-2.24851749651126,0.473339258050932,-4.75032961721784,2.0308534550505e-06,0.000257738667246719
"chr1_84779869_84780368",14.4419838627429,-1.82733374733424,0.501345613164143,-3.64485835589821,0.000267539109835483,0.00929850336671879
"chr1_84854265_84854836",27.4419178777351,-2.30860562150348,0.418503737142997,-5.51633215336059,3.46147766572964e-08,1.05691522162359e-05
"chr1_86788340_86788859",21.622005045174,-2.45356936187165,0.518427683167665,-4.73271285761594,2.2153878468827e-06,0.000273886871656421
"chr1_92096226_92096745",16.2016680125004,-2.36521409857328,0.558838551190362,-4.23237461613059,2.31236829828152e-05,0.00156030551770384
"chr1_96362487_96363013",35.2015701089776,-2.83969666612983,0.44192935085428,-6.42568016955765,1.31281168546935e-10,1.04594624340644e-07
"chr1_98323962_98324483",23.3938583315003,-2.29101290823424,0.44330525457787,-5.16802560893581,2.36579899613118e-07,4.77858076105877e-05
"chr1_118039043_118039546",23.1422781027133,-1.88660810616784,0.417060042007351,-4.52358873098322,6.07998130998843e-06,0.000585187999775464
"chr1_165854084_165854583",28.6764089361305,-1.82401010350274,0.440711927292668,-4.13878089188055,3.49156204996827e-05,0.00211276334846392
"chr1_166511738_166512237",11.8309238449447,-2.6957743573341,0.722394675652989,-3.73171958237002,0.000190177134958868,0.00745172211050582
"chr1_168503867_168504557",41.45891818049,-1.92243152503466,0.348505743283357,-5.51621189057881,3.46384599514041e-08,1.05691522162359e-05
"chr1_169604857_169605356",28.9067726622591,-1.62446259782332,0.440789576234337,-3.68534712572173,0.000228391140512123,0.00845924484433376
"chr1_186082168_186082750",24.8073213976696,-1.83582869297745,0.401764050883845,-4.5694200089301,4.89075784994527e-06,0.000508248973377284
"chr1_186146937_186147437",30.2910329985932,-1.69123835081986,0.404170204016601,-4.18447063641138,2.85831389143364e-05,0.00181376458040043
"chr1_187621937_187622441",31.6090106638449,-1.79180438460917,0.369571427660195,-4.84833039164668,1.24504915770883e-06,0.000182196428272473
"chr1_187715392_187715891",35.618137231322,-1.17382661640757,0.322070738178843,-3.64462360984733,0.000267783410533077,0.00929850336671879
"chr1_193558398_193558942",25.760165516326,-1.85574498574105,0.417673445008868,-4.4430523604431,8.86915708791945e-06,0.000766220372276222
"chr1_195908098_195908597",11.9016996191803,-2.59227296630148,0.609177988022297,-4.25536217209246,2.08710900403036e-05,0.00143900145321151
"chr1_209039306_209039805",33.8843037923383,-1.82195354197095,0.467963563636373,-3.89336624375885,9.88627226967469e-05,0.00455881127393584
"chr1_209884604_209885103",22.0749563458576,-2.77480559707165,0.589469797682587,-4.7072905312204,2.51031013993186e-06,0.0003009465705462
"chr1_214427697_214428268",26.6137477015307,-2.31827180583061,0.43053263927571,-5.38465982446922,7.2581785953465e-08,1.97514545074605e-05
"chr1_214957244_214957780",29.6569025495791,-2.24001795953939,0.398987057374036,-5.61426221261972,1.97402680028786e-08,6.6325688761244e-06
"chr1_215704364_215704900",28.1218174587604,-1.52994215655435,0.388671713499141,-3.93633522434798,8.27353817280606e-05,0.00399497679919905
"chr1_217482347_217482847",20.1628782695168,-1.72369280655422,0.458012074319129,-3.76342219605592,0.000167603888020099,0.00681473482706249
"chr1_240312900_240313399",21.2189461582429,-1.93343684851857,0.452852614014145,-4.26946160557699,1.95945374071432e-05,0.0014050263047792
"chr1_246961920_246962485",18.268929070994,-1.64166715217264,0.44781669111368,-3.66593560434285,0.000246435937432532,0.00874786578891076
"chr10_48634159_48634833",25.4406779212387,-2.05230509903948,0.437309190868638,-4.6930298788437,2.69188156522134e-06,0.00031904358286644
"chr10_66176649_66177148",14.7495526631524,-2.41492914152368,0.655228474302019,-3.68562911447977,0.000228138385716533,0.00845924484433376
"chr10_97689480_97689979",23.6472868327143,-1.8955390119341,0.451791640535182,-4.19560443767549,2.72144848823723e-05,0.00174233449865224
"chr10_104329123_104329699",40.3989888833599,-1.86352354958084,0.429853936759037,-4.33524830232152,1.45595682439359e-05,0.00111657095286784
"chr10_107616690_107617189",14.1256632333879,-2.08312414507012,0.559558772834041,-3.72279775816857,0.000197027339557466,0.00763667317998276
"chr10_108358795_108359330",30.0108966409242,-2.10856180473665,0.465902202111677,-4.52576054626852,6.01786888219146e-06,0.000585187999775464
"chr11_5280490_5280989",17.8756369419512,-2.20345658456563,0.546929785246035,-4.0287741571332,5.60684487132049e-05,0.00298913614496681
"chr11_22163244_22163748",63.4726133821392,-2.02053116261581,0.283419893328632,-7.12910847183533,1.01021101452331e-12,1.81092951990984e-09
"chr11_22624953_22626146",129.65362951133,-1.00441581407976,0.227109652265018,-4.42260293238301,9.75188638302001e-06,0.000808391922652543
"chr11_43830862_43831361",22.7007835808142,-2.08701472120875,0.513839820713241,-4.06160565429096,4.87363524396067e-05,0.00268818473206308
"chr11_50075821_50076326",42.0371496085511,-2.16444333507321,0.356207291515378,-6.07635886920009,1.22942106728965e-09,7.05245101040037e-07
"chr11_93537646_93538181",34.726835386112,-2.20971983309482,0.390118669056445,-5.66422478175506,1.47690698425543e-08,5.57376922663346e-06
"chr11_107043562_107044117",22.1352876650407,-2.36292452739189,0.487844032298285,-4.84360650320944,1.27503325933411e-06,0.000183254536309704
"chr11_108497597_108498096",21.5382235303556,-1.93246497294028,0.494708463891722,-3.90627028641912,9.37316645697257e-05,0.00438276653684587
"chr12_9118172_9118695",30.2232405937714,-1.52512089485651,0.410616705962935,-3.71422027576778,0.000203831192343822,0.007795048345074
"chr12_11855418_11855994",17.4224561981965,-2.15192692671911,0.577759117546525,-3.72460920367185,0.000195618019970279,0.00762325550107001
"chr12_16348991_16349490",19.1486851316338,-1.83434944072706,0.496151553909578,-3.69715548862589,0.000218028809928237,0.00825000306907874
"chr12_16573556_16574055",18.4808849809879,-1.78225711032583,0.448393790735388,-3.97475867674894,7.04506540286032e-05,0.00350810010216735
"chr12_20492096_20492595",32.0822243586932,-1.44097204780354,0.389063297632399,-3.7036956623059,0.000212481153627607,0.00806135509040612
"chr12_22042847_22043439",22.8968951440582,-2.28210826862232,0.535435044787076,-4.26215708299376,2.02463039563326e-05,0.00143166351847417
"chr12_29242060_29242592",27.9399063629403,-1.7343452245216,0.40191805014393,-4.31517127409559,1.59479206646858e-05,0.00119119338673051
"chr12_42698241_42698740",15.0298414921209,-2.96736656494347,0.666534820520231,-4.45193030219702,8.51017910616356e-06,0.00075804023951237
"chr12_49342065_49342942",22.9855977038922,1.39470844958788,0.379800058135017,3.67221757794483,0.000240454821862264,0.0086209065008168
"chr12_58030878_58031377",15.254607224691,-3.25469415694288,0.751030714219374,-4.33363655483229,1.46666234380914e-05,0.00111879812088122
"chr12_68364985_68365596",73.8028117794932,-1.10895860146935,0.276380538889425,-4.01243374777929,6.00959481957516e-05,0.00308044991558856
"chr12_74537500_74538087",59.3218528551513,-1.10323469121445,0.303406673180671,-3.6361582942426,0.000276734315734615,0.0094860757169772
"chr12_81668388_81668887",22.3047123769865,-2.25722082203866,0.515983295496481,-4.37460057668486,1.21655023855261e-05,0.000963897622711763
"chr12_87425892_87426391",12.8003360664445,-2.37908636923777,0.608812041313258,-3.90775183110026,9.31589210251927e-05,0.00438276653684587
"chr12_89769052_89769551",16.1090023366709,-2.23878443976552,0.535884804801513,-4.1777345050766,2.94427042059509e-05,0.0018519202676208
"chr12_90253624_90254247",35.1604747921483,-1.64255799933594,0.35703137682222,-4.60059845147401,4.21278848135648e-06,0.000457693936447979
"chr12_92593657_92594183",31.9788090238444,-2.03900470883741,0.39601306288965,-5.14883194498456,2.62113589856953e-07,5.22079304463689e-05
"chr13_24253798_24254607",67.8584354089108,-1.60269953196283,0.296727213965052,-5.40125561975449,6.61760467522583e-08,1.89806137294827e-05
"chr13_34156929_34157428",35.9731909452081,-1.36126168561117,0.361728394241567,-3.76321490732105,0.000167742932428217,0.00681473482706249
"chr13_35496921_35497445",18.746532561986,-2.56774834196364,0.559070029961775,-4.59289213220604,4.37145046549417e-06,0.000467843068101879
"chr13_35512400_35513051",32.9216236940011,-2.46232575510712,0.398736554055791,-6.17531984479806,6.60296600974119e-10,4.38445895320073e-07
"chr13_42720327_42720826",16.4058784100637,-1.86984080692463,0.516127622317457,-3.62282646010861,0.000291401334280819,0.00987940079177593
"chr13_54029158_54029677",92.4669961051472,-1.15136435217271,0.275300810761382,-4.18220472721622,2.88695825390058e-05,0.00182387085106556
"chr13_54852743_54853254",21.6113985316105,-1.51745012856148,0.411878040696706,-3.68422197501634,0.000229402264918743,0.00845924484433376
"chr13_55815327_55815899",44.7738794786464,-2.53457407459168,0.345872476746445,-7.32805945831228,2.335091246098e-13,6.69750871205828e-10
"chr13_56332634_56333133",14.8101236972397,-1.94972232359834,0.501160383975044,-3.8904158946758,0.000100072558325651,0.00458511360686313
"chr13_57865532_57866140",34.797969942795,-1.29402563344094,0.343714244173078,-3.76482981249195,0.00016666255610107,0.00680942369528616
"chr13_58313163_58313662",23.5067420331583,-1.59581652315651,0.401599035262194,-3.97365626666567,7.0777685434334e-05,0.00351218957375012
"chr13_58323996_58324495",22.1745280547629,-1.89726845297827,0.455123577561416,-4.16868856398073,3.06357252695524e-05,0.00191854557244826
"chr13_66076099_66076758",28.1699042782379,-2.44957790176634,0.410692244317265,-5.9645097653074,2.45369595533554e-09,1.2133949550161e-06
"chr13_67520835_67521334",20.1410668142134,-1.85691774690946,0.463290200012611,-4.00810927332138,6.12068004360675e-05,0.00311264796118314
"chr13_69389853_69390378",27.4627601695705,-3.09716922131012,0.462250188554708,-6.7002010988765,2.08132912485282e-11,2.29602622919341e-08
"chr13_70473875_70474374",11.1694368490808,-2.14156323724362,0.572714956663885,-3.73931780954074,0.000184520325254317,0.00735419768967825
"chr13_79451433_79451932",18.453324294776,-1.79008028835757,0.492357991962788,-3.63572911901238,0.000277195494616953,0.0094860757169772
"chr13_87124019_87124518",31.1347839895869,-1.87475837968436,0.434069611178176,-4.31902702102501,1.56718595282388e-05,0.00118289546049722
"chr13_93151189_93151688",26.2203089024672,-2.48819238006255,0.491861600592084,-5.05872460274874,4.22069910130789e-07,7.76013407844314e-05
"chr13_98484706_98485293",34.3376388420562,-2.23355152528562,0.426100429927932,-5.24184292811765,1.58980678255762e-07,3.61895540772362e-05
"chr13_100392713_100393212",27.3231969672579,-1.86895114728557,0.451851441941065,-4.13620711102951,3.53093528302597e-05,0.00212761104596115
"chr13_101258018_101258567",40.4091678228228,-2.0182915090123,0.358524529858455,-5.62943771186066,1.80798048055793e-08,6.32396294431252e-06
"chr13_114065159_114065754",46.7576771402782,-1.34933620315661,0.306400926235554,-4.40382547055118,1.06358519833524e-05,0.000876602030421012
"chr14_31229558_31230141",27.9709019880002,-2.32732018947803,0.460026763222933,-5.05909737331999,4.21245727375939e-07,7.76013407844314e-05
"chr14_35336588_35337099",22.0048427913665,-2.73923183432369,0.526412103278623,-5.20358824818634,1.95476860797512e-07,4.12254950102518e-05
"chr14_41859292_41859821",24.2120143550056,-2.62421374729037,0.491217882257378,-5.34226021094931,9.17947563096105e-08,2.35076535756451e-05
"chr14_44112741_44113240",20.7121912756062,-1.98752012441844,0.464414004290081,-4.27963004142529,1.87204232224642e-05,0.00135590701734019
"chr14_44316834_44317333",14.6761178191324,-3.39792428051795,0.706085971457311,-4.81233789917236,1.49174857542201e-06,0.000198084873334509
"chr14_46653008_46653835",27.7041553326427,-1.81025709042397,0.40588654628707,-4.46000762277948,8.19567379232098e-06,0.000743887075035919
"chr14_46686493_46687174",112.150809234591,-1.84817334535777,0.449420812664491,-4.11234480753231,3.91660747603686e-05,0.00233062522049148
"chr14_55117776_55118275",14.9500107576969,-2.0700151281842,0.550484847379545,-3.76034896880091,0.000169676491976958,0.00685445231391986
"chr14_85421378_85421877",17.3212767271048,-2.40428780639302,0.588470702478499,-4.08565421569286,4.39527953812765e-05,0.00253143388981079
"chr14_85599855_85600391",27.5617625342483,-1.81270911129982,0.408638862861179,-4.43596847007581,9.16592642793206e-06,0.000782431850612938
"chr14_85607453_85608019",23.9344280336781,-2.13560911212057,0.440952715735393,-4.84317033530213,1.27783652680918e-06,0.000183254536309704
"chr14_87698417_87698916",13.7178082853773,-2.61287582064432,0.612456046375498,-4.26622585589164,1.98807521285543e-05,0.00141845704614725
"chr15_54803082_54803928",45.8604765323013,-1.62823153224374,0.344198542242566,-4.73050095341858,2.23966474937306e-06,0.00027452164248512
"chr15_92803708_92804338",35.1648289564514,-1.32561200207219,0.361109079566255,-3.67094619626969,0.000241654210828516,0.00864230183913153
"chr16_59259069_59260385",44.5559946440721,-1.18238424915527,0.320065652200559,-3.69419286645094,0.000220586333635175,0.00830296223270877
"chr16_72202290_72202814",21.0525245859861,-1.75316724253286,0.451327819760517,-3.8844652728545,0.000102555349307364,0.00466903576005365
"chr16_75305297_75305796",15.0005842787758,-2.29318571127622,0.620753419689123,-3.69419746801341,0.00022058233952479,0.00830296223270877
"chr16_75506442_75506941",19.0224859552845,-2.53477681173305,0.643941337609237,-3.93634740261267,8.27311853355155e-05,0.00399497679919905
"chr17_21287790_21288289",41.7638355155769,-2.10886021495911,0.375711283678685,-5.6129807822398,1.98870693587162e-08,6.6325688761244e-06
"chr17_64326479_64326978",23.7432033468191,-2.15911844545799,0.476344300557158,-4.53268453707239,5.82387588172125e-06,0.000572056191916195
"chr17_64995444_64995943",9.70372703983489,3.16160854079303,0.834041358247438,3.79070954878843,0.000150217536835915,0.0063175064391902
"chr18_2516109_2516733",26.8985078603637,-1.66117254042539,0.379850313614265,-4.3732293508445,1.22421991623562e-05,0.000964644935095334
"chr18_3652728_3653266",27.4245335929737,-1.99485275989696,0.471978473205584,-4.22657572992326,2.37274440975732e-05,0.00158267570141068
"chr18_22302176_22302675",13.4268828795531,-1.94127877197027,0.531777624558393,-3.65054617253289,0.000261683260403503,0.00913089936118402
"chr18_23231252_23231751",27.0124393686434,-1.67026510501716,0.427618906163718,-3.90596645971888,9.38495297089355e-05,0.00438276653684587
"chr18_31206664_31207282",44.43376037431,-2.02614530848916,0.353052334158342,-5.73893758079628,9.52723234423413e-09,3.90371540139033e-06
"chr18_32921375_32921874",19.0093543093782,-2.23176193010851,0.545198928816799,-4.09348186899765,4.24943319404064e-05,0.00247367691366612
"chr18_38940734_38941239",39.0720159310746,-2.36591216645174,0.379814688692132,-6.22912235068792,4.69055376467184e-10,3.36336157695794e-07
"chr18_41644390_41644889",24.9786157476272,-1.82410272738181,0.4116966233112,-4.43069635284081,9.39292749280382e-06,0.000792421867168103
"chr18_41645526_41646085",20.0999785754388,-2.58520058143272,0.504798739932696,-5.12125006844787,3.03516825278216e-07,5.9626503990615e-05
"chr18_45059575_45060074",19.9068814901726,-2.04017469397476,0.500116499290348,-4.07939889379716,4.5152302261212e-05,0.00255716017297622
"chr18_54388643_54389163",25.0806134695169,-1.61532707187721,0.402162288307144,-4.01660503444204,5.9042555119721e-05,0.00305678441506108
"chr18_54776181_54776685",21.4592121469941,-2.58540712524577,0.545553327892572,-4.73905481473825,2.1471741979079e-06,0.000267761958019107
"chr18_59904674_59905233",60.0906031801266,-1.30109258001018,0.290490486569741,-4.47895074077688,7.50108393857935e-06,0.000707717399757674
"chr18_60568196_60568695",21.5837651444228,-1.54710176170871,0.406552234755273,-3.80541940112567,0.000141564108511852,0.00606021158259246
"chr18_60656432_60656976",47.9598008361911,-1.75809666389774,0.312208124990908,-5.63116883632973,1.78992395899263e-08,6.32396294431252e-06
"chr18_61738428_61738941",22.7499305011263,-1.621385596386,0.439884462850405,-3.68593513369305,0.000227864388778633,0.00845924484433376
"chr18_66630761_66631295",18.929015405595,-1.71420257292783,0.447891379371323,-3.82727297706411,0.000129570795136553,0.00566516699101616
"chr18_68840710_68841266",22.5946607187691,-1.86260769887446,0.464230811352495,-4.01224488621926,6.01440608301232e-05,0.00308044991558856
"chr18_70421998_70422514",29.0742308424738,-1.69954197677772,0.398825020546312,-4.26137250478839,2.0317525193067e-05,0.00143166351847417
"chr18_74249087_74249586",23.4622137457774,-1.80102326159839,0.461588836985826,-3.90179119876265,9.54835054894233e-05,0.00441719016846394
"chr18_75696379_75696878",19.2309228654687,-1.82051231455234,0.49489974788627,-3.67854767016511,0.000234565853107035,0.00850411030188903
"chr18_77054944_77055531",60.1158254040089,-1.14112218702583,0.269506067731798,-4.23412428755195,2.29444029676745e-05,0.00155945821307782
"chr18_77067316_77067939",31.0078508936156,-1.75956674512452,0.428242544692539,-4.10880882091672,3.97705126836645e-05,0.00235681372891088
"chr18_77101278_77101845",39.1062626344953,-1.76963922374552,0.395516016383083,-4.47425426643533,7.66784529770025e-06,0.000718722675910583
"chr18_77114405_77115005",50.6840970531097,-1.65638328419115,0.3404388273248,-4.86543587641622,1.14204834740917e-06,0.000174235269682925
"chr19_4342582_4343393",28.9502689951075,1.62273967071117,0.347737189749056,4.66656923259264,3.06270480015761e-06,0.000354211689831131
"chr19_39398387_39398886",10.3794904648321,-2.67414967733719,0.680712606259071,-3.92845622770711,8.54929075347662e-05,0.00408684595652028
"chr19_42242348_42243473",91.8335534464577,1.02032356716795,0.222902133707397,4.57745087585085,4.70676271166329e-06,0.000496321206235024
"chr2_7007885_7008520",59.6333122686094,-1.07291813696689,0.29134817955992,-3.68259770350213,0.000230869340035514,0.00845924484433376
"chr2_12507245_12507750",21.2354922717472,-2.26177641479513,0.495327413632764,-4.56622499087445,4.96585774778084e-06,0.000512340762308813
"chr2_15042716_15043368",35.1486869906726,-1.63138880614735,0.425232150273717,-3.83646628105905,0.000124817324189092,0.00549081363863732
"chr2_17643089_17643610",21.2135459514436,-1.90732119570499,0.518538162540611,-3.67826581241378,0.000234825164182976,0.00850411030188903
"chr2_22280958_22281539",21.5665635158739,-1.58962947144689,0.424549567704358,-3.74427297156937,0.000180916878849757,0.00726758812208507
"chr2_36168074_36168573",20.0653410585169,-1.79010095173752,0.469141857911656,-3.81569225075331,0.000135801674359367,0.00588378190932836
"chr2_36698933_36699432",22.039426212924,-1.48908844624742,0.407581220873658,-3.65347658328206,0.000258713392754828,0.00907141507456476
"chr2_51003500_51003999",13.6119561752494,-2.305102874546,0.594628978740386,-3.87653975329111,0.00010595250567981,0.00480843317707009
"chr2_51028768_51029267",22.7002356003957,-1.87366073152618,0.428129492187879,-4.37638790533017,1.20662199351356e-05,0.000961342556054328
"chr2_57408537_57409103",17.3160986299929,-2.63958829404221,0.543742660272497,-4.85448078088885,1.20702574799964e-06,0.000178453157237761
"chr2_57443978_57444726",46.1045371656404,-1.6636151484376,0.390875925153945,-4.25612078252809,2.08004367301143e-05,0.00143900145321151
"chr2_57490667_57491166",11.8445358325118,-2.83590237510318,0.699911565057171,-4.05180099413208,5.08248871111008e-05,0.00276636900971629
"chr2_58107758_58108317",32.9670739999052,-2.08972547918371,0.400445989571095,-5.21849521185603,1.8038264109408e-07,3.8986265852941e-05
"chr2_71882925_71883436",16.0021557165047,-1.93658328076287,0.51810767908128,-3.7378007679733,0.000185636954442753,0.00735419768967825
"chr2_76491425_76491995",29.760654673075,-1.80644501653475,0.390029647174943,-4.63155821517458,3.629239189482e-06,0.000406616556377823
"chr2_82837791_82838312",33.6628051646088,-1.55077604935535,0.37296256626398,-4.15799383002348,3.21054693204971e-05,0.00199317980746861
"chr2_89833037_89833537",81.817061526797,1.18651167381079,0.295201237787169,4.01933163527663,5.83634711108544e-05,0.00304322835804168
"chr2_104572850_104573349",21.9022338084096,-1.59838748651417,0.434336556196704,-3.68006667573771,0.00023317297750666,0.00850411030188903
"chr2_105873674_105874173",14.6086277939124,-2.62010625712186,0.641497870130918,-4.0843569076654,4.41990525657906e-05,0.00253543445138401
"chr2_117232192_117232792",33.1904795016166,-1.70515896949104,0.353972354358833,-4.81720944727357,1.45579853713467e-06,0.000198084873334509
"chr2_127064651_127065169",41.9749405508054,-1.9828248675856,0.396540083955765,-5.00031383411616,5.72370708929903e-07,0.000100102052887363
"chr2_136214128_136215115",17.2753038501655,-1.90520086370728,0.476395768959797,-3.99919770040623,6.35575724614211e-05,0.00319817244445347
"chr2_137706752_137707455",51.3279034261073,-1.83101824452907,0.30797808988391,-5.94528735865352,2.75972289692071e-09,1.27668342144322e-06
"chr2_141557241_141557762",38.2903479144611,-1.72975173991851,0.363190695637303,-4.76265433199837,1.9106296932158e-06,0.000246849913787458
"chr2_145692937_145693508",38.8037510264216,-1.24810490105823,0.332253277121465,-3.75648635243393,0.000172315663891833,0.00694151386481118
"chr2_150681277_150681920",46.8760462339798,-1.98144296185179,0.332642453767396,-5.9566749205059,2.57421566732256e-09,1.23056089616909e-06
"chr2_150911908_150912407",20.9887662164231,-1.68316114480171,0.457107056016209,-3.68220337588056,0.000231226830693734,0.00845924484433376
"chr2_156405498_156406009",47.1397010140523,-1.68044185719259,0.322127484682689,-5.21669816174768,1.82140702332267e-07,3.8986265852941e-05
"chr2_158214388_158214888",17.1853795381751,-2.05705671985587,0.496251571317071,-4.14518933289494,3.39533048210414e-05,0.00207201848697257
"chr2_162917573_162918072",27.5913198457191,-1.86321370994893,0.404315520706118,-4.60831606636053,4.05943257928786e-06,0.00044753119659764
"chr2_163348974_163349473",29.4579421867649,-1.85634741650459,0.419648443866268,-4.42357750549925,9.70797820175219e-06,0.000808391922652543
"chr2_179106499_179106998",12.9513978873735,-2.71792029498614,0.705769894663247,-3.85100061016768,0.000117636205780556,0.00521713886806708
"chr2_179460430_179460929",15.3371710446592,-2.62274464768865,0.646206469104205,-4.05867903384562,4.93510898060381e-05,0.00270131289659692
"chr2_180707743_180708242",24.1671709416356,-2.20312676811103,0.493138403897082,-4.46756275865065,7.91158049920285e-06,0.000731284464551577
"chr2_186575218_186575729",25.4540972024636,-2.34354839762302,0.435172494581004,-5.38533208510675,7.2311014495972e-08,1.97514545074605e-05
"chr2_192500727_192501266",48.4875136493313,-2.3934987259171,0.411875646709767,-5.81121691713836,6.20203383014432e-09,2.69525355024545e-06
"chr2_193271928_193272427",16.1893670362556,-2.32024044807188,0.534136599622932,-4.34390837420582,1.39969913228894e-05,0.00107919813205138
"chr2_196242233_196242826",39.9832599190367,-1.15318257580183,0.31665661278505,-3.64174480886215,0.000270796441251831,0.00938041488887081
"chr2_199229077_199229589",43.9646503044234,-1.78119293562401,0.314223063862453,-5.6685620518413,1.4400091913869e-08,5.57376922663346e-06
"chr2_203811506_203812038",25.1593637262951,-1.80796815626871,0.42885499883883,-4.21580291978401,2.48891052084958e-05,0.00163251308205438
"chr2_207311319_207311955",28.5997921383102,-1.54181680286466,0.414683253495619,-3.71805900013502,0.000200759388370846,0.0077394902920062
"chr2_209619749_209620285",54.6684974885128,-1.13329149667066,0.308492351168502,-3.67364536714766,0.000239114540689691,0.0086209065008168
"chr2_211926575_211927074",15.9817570568836,-1.99986878095048,0.48994992501535,-4.08178199208383,4.46917090862442e-05,0.0025476183023661
"chr2_223465651_223466263",22.9730102634837,-1.82737856693192,0.429368040557462,-4.25597248588734,2.08142304314477e-05,0.00143900145321151
"chr2_227818150_227819145",121.979927895935,-1.71622845781387,0.238290999849692,-7.20223784740683,5.9232250346754e-13,1.213499574604e-09
"chr20_2301066_2301596",22.4705991739299,-1.8046237727368,0.495722573284225,-3.64039055308888,0.000272224805622512,0.00938455754190493
"chr20_10671403_10671902",19.4929556832689,-1.9909472007739,0.543738099548975,-3.66159223057087,0.000250652592108623,0.00885371631386641
"chr20_47258595_47259438",19.5602729802593,2.46072530432243,0.600510083599626,4.09772520316754,4.17230174434188e-05,0.00244224405369824
"chr20_50359594_50360093",9.15439571786451,2.77517039510369,0.764249872712375,3.63123435697074,0.000282068896129682,0.00960843239761466
"chr21_15221937_15222436",19.8410928448954,-3.01435406408021,0.640445750897692,-4.70665011026318,2.51820573638825e-06,0.0003009465705462
"chr21_25005351_25005850",14.932221461504,-2.43207252382426,0.565047213125447,-4.30419346796126,1.67595161019354e-05,0.00122004172800942
"chr3_3817863_3818362",18.6697728174518,-1.78692365034077,0.487938153341505,-3.66219291954019,0.000250065423054055,0.00885371631386641
"chr3_5195568_5196095",15.0514577799591,-2.80750204183707,0.689921742641539,-4.06930506507571,4.71535729942549e-05,0.00263124276385451
"chr3_20054584_20055083",18.6952140500295,-2.12908668338772,0.52104619049075,-4.08617647004084,4.38540280656981e-05,0.00253143388981079
"chr3_21484659_21485246",33.9323691436217,-1.4211834142026,0.352514042646134,-4.03156539108213,5.54065756944816e-05,0.00296943737873938
"chr3_22713845_22714401",27.3013868195858,-2.43130473060618,0.453295139438405,-5.36362409184084,8.15685682029135e-08,2.15559548909866e-05
"chr3_25603678_25604626",41.2380418231005,-1.6805695538341,0.353527189763965,-4.75372079572195,1.99706783507422e-06,0.000255713837703566
"chr3_27521362_27521961",25.2685115950887,-3.05279322307258,0.508878291871442,-5.99906357145966,1.98458657616905e-09,1.05410948477186e-06
"chr3_27976804_27977328",31.0225757734713,-1.46252244641366,0.368467871616958,-3.96919937685647,7.21145244069623e-05,0.0035661875673112
"chr3_33791626_33792125",27.0851184216602,-2.89179880400576,0.539393846864904,-5.36120094957264,8.26704915280848e-08,2.15559548909866e-05
"chr3_63343598_63344097",16.6294697133481,-2.29009875029068,0.537612869561621,-4.25975433244012,2.04651712772614e-05,0.00143166351847417
"chr3_67000037_67000536",20.0473365372986,-2.02258690315551,0.523304227502056,-3.86503069698125,0.000111075229015519,0.00499351053075722
"chr3_83738155_83738654",20.6204849477964,-1.89063576442292,0.491285485914246,-3.8483444323713,0.000118918777091078,0.00524742825311737
"chr3_84724863_84725362",14.7220296468637,-2.54626245549221,0.63822316623569,-3.98961145599014,6.61816158851488e-05,0.00331856836856265
"chr3_94928882_94929416",26.5903565028779,-1.82338934141809,0.410741206155518,-4.43926568382259,9.02663298549828e-06,0.000775155351167849
"chr3_99505813_99506388",44.6169376856985,-3.0747177506233,0.406427975816206,-7.56522172089291,3.87203586625401e-14,1.85096221193162e-10
"chr3_101936510_101937064",25.3461419723195,-1.80477411701117,0.404078418567699,-4.46639571449619,7.95484111777743e-06,0.000731284464551577
"chr3_104886539_104887038",13.8654232629463,-1.98908773608277,0.540173410816377,-3.68231330208684,0.000231127121290895,0.00845924484433376
"chr3_105997809_105998689",35.3303758337082,-2.13745982799327,0.384533617686536,-5.55857727304271,2.71982540002237e-08,8.86477637766383e-06
"chr3_109806874_109807393",51.4995615939167,-1.46313026705246,0.322368365949809,-4.53869058380331,5.66046225884743e-06,0.000559839236235386
"chr3_117036355_117036870",51.7427816122693,-1.36026289861428,0.305647945497871,-4.45042382469982,8.57009887621167e-06,0.000758665357924392
"chr3_118772560_118773142",50.6805887383516,-1.40049393832332,0.314432751558596,-4.4540332754183,8.42720310426062e-06,0.000755340748238759
"chr3_142850208_142850812",33.5549075488891,-1.67518665955323,0.381709255773576,-4.38864563595212,1.14058743116075e-05,0.000918941817431254
"chr3_146506477_146507080",27.3611569608656,-1.59673162456233,0.396750596939915,-4.02452229909094,5.70910845866676e-05,0.00302119278249963
"chr3_148319563_148320062",15.8601440412059,-2.04837482273158,0.562642302092638,-3.64063422731113,0.000271967276991193,0.00938455754190493
"chr3_152258307_152258828",16.4143690576707,-2.59341121611994,0.625633897969827,-4.14525367716731,3.39437716139322e-05,0.00207201848697257
"chr3_153221659_153222197",37.4542538164334,-1.66372858550942,0.333657170749719,-4.9863414647168,6.1533353098919e-07,0.000106319255035132
"chr3_164155330_164155829",19.5138145929779,-2.37809000596676,0.495012975909163,-4.8040962998981,1.55452002705217e-06,0.000204024443418327
"chr3_167941460_167942049",26.6986507139072,-1.6479533879374,0.414427825543101,-3.976454490665,6.99503780330628e-05,0.00349532533579148
"chr3_174439528_174440106",22.667186306717,-2.48082514913964,0.486477863931045,-5.09956430307645,3.4043620318724e-07,6.5095941198776e-05
"chr3_177345522_177346031",14.2514593738931,-2.04526339311391,0.55143100058769,-3.70901053973055,0.000208070767634537,0.00791496784786977
"chr3_189324705_189325204",18.0848052234087,-1.58973058962346,0.428443400172934,-3.71047981829523,0.000206866788597456,0.00789009738105348
"chr3_192957280_192957784",37.9292757827351,-2.39994470414268,0.369273830860847,-6.49909228213643,8.08060850025236e-11,7.20784127410391e-08
"chr4_8631938_8632437",15.3452944341157,1.96206237446836,0.506751503830828,3.8718432202687,0.000108015423803488,0.00487122387662209
"chr4_10954728_10955227",31.6413641676263,-1.53538725280966,0.381872043580645,-4.02068514472285,5.80291214133136e-05,0.00304322835804168
"chr4_14856308_14856836",34.9078291095757,-2.65694569246108,0.402942248295904,-6.59386228100341,4.28529252741667e-11,4.09702534237883e-08
"chr4_17142212_17142830",40.5586259231583,-1.86635139903843,0.453837649921589,-4.11237674829509,3.91606547844771e-05,0.00233062522049148
"chr4_23945405_23945915",40.5964815249509,-1.66637870118795,0.336741101962331,-4.94854560811635,7.47700714806564e-07,0.000121708519914624
"chr4_25173459_25173958",14.2746682587871,-2.33747383539803,0.62912895686818,-3.71541288932882,0.000202872149248611,0.00777911628977094
"chr4_34434367_34434866",21.7714061295601,-1.77286743079517,0.488556824408617,-3.62878449797762,0.000284758820878452,0.00967707642231725
"chr4_49120490_49121270",54.8820688402344,1.31137382271758,0.288785308344016,4.54099909111514,5.59882730661674e-06,0.000559539592635136
"chr4_49153560_49153729",26.5500169006192,1.64405564876889,0.374404403393092,4.39112263068865,1.12766914994292e-05,0.000913666851939632
"chr4_54687845_54688681",33.5233590351937,-1.52044580969158,0.352255764472044,-4.31631207503561,1.58657632042647e-05,0.00119119338673051
"chr4_69546080_69546579",16.8338022088177,-1.9715869802655,0.501007013634619,-3.93524826321767,8.31107386789506e-05,0.00399963457515044
"chr4_70892318_70892817",18.3284704334665,-2.33636613865259,0.626452043468839,-3.72952113894542,0.000191844012208695,0.0074965530765256
"chr4_73315023_73315522",18.1913640352033,-2.26447580584271,0.599561990872921,-3.77688352549799,0.0001588029484427,0.00658206093530855
"chr4_73740315_73740848",18.0281743207603,-1.84355658555627,0.472166161666622,-3.90446570556645,9.44337814577348e-05,0.00438276653684587
"chr4_74374517_74375016",17.7055892552821,-3.3391958639073,0.748526039128106,-4.46102832681258,8.15673066369158e-06,0.000743887075035919
"chr4_76090136_76090641",21.6511823583036,-1.71349407963109,0.444218686092966,-3.8573210296527,0.000114636558363171,0.00512150430992595
"chr4_81421326_81421909",31.7119210981106,-2.2453385186442,0.431855877307607,-5.19927743635838,2.00064721413213e-07,4.15815676780708e-05
"chr4_85474708_85475366",42.188199997364,-1.79440301669174,0.343752087559448,-5.22004980226169,1.78875022671027e-07,3.8986265852941e-05
"chr4_85725709_85726209",20.2274663454053,-1.71569961956542,0.45897518675308,-3.73810974772463,0.000185409013865663,0.00735419768967825
"chr4_85842429_85843034",36.7064681128423,-2.56743179450905,0.382699594789958,-6.70873925518047,1.96313090055244e-11,2.29602622919341e-08
"chr4_87843833_87844332",26.0939710641544,-2.10054804587249,0.459143286921909,-4.57492923386627,4.76380980069479e-06,0.00049867004636324
"chr4_89316815_89317314",20.747475813512,-2.07989003699686,0.452453098135433,-4.5969185437521,4.28785152861373e-06,0.000462346456931199
"chr4_89324646_89325180",35.6800915735065,-1.97390300348026,0.371936998398039,-5.30708967374047,1.11389386477077e-07,2.6623919857796e-05
"chr4_90099703_90100249",55.3577356344511,-2.07251309923795,0.301150033507266,-6.88199524702341,5.90199831941496e-12,9.40450643319222e-09
"chr4_92101860_92102359",12.4380569708167,-2.71618078110352,0.668925290804017,-4.06051440787774,4.89647153845975e-05,0.0026904328863238
"chr4_106583475_106583974",14.8815205879624,-2.82579821643955,0.703196353165819,-4.01850522079315,5.85685117369432e-05,0.00304322835804168
"chr4_107709813_107710317",14.5048770091138,-2.44432154320517,0.607911433328496,-4.02085140893268,5.79881754461125e-05,0.00304322835804168
"chr4_107824109_107825028",39.8040635264679,-1.56814897486021,0.415053516278348,-3.77818501315518,0.000157975501054692,0.00656674394384154
"chr4_112817818_112818321",23.1629620191961,-1.74245462788876,0.443112517901055,-3.93230738807032,8.4134386310847e-05,0.00403535529793932
"chr4_113355573_113356133",39.6121563300678,-1.22247558920834,0.327316126481117,-3.73484680498585,0.00018782948980539,0.00737989784465506
"chr4_113468297_113468796",20.2119810580038,-1.87168998480607,0.489165995397994,-3.82628801350598,0.000130090075866279,0.00567058291184897
"chr4_115781476_115782075",30.0058807649579,-1.53096484480626,0.354894240150115,-4.31386219218064,1.60426969483906e-05,0.00119206381832575
"chr4_116531847_116532346",23.77227854955,-1.46363437742989,0.385050932686808,-3.80114486989278,0.000144029057516524,0.00611214117558646
"chr4_123163585_123164084",17.9791060245445,-2.0003085553508,0.504772814387528,-3.96278979044841,7.40790039887163e-05,0.0036382431376787
"chr4_126963350_126963857",15.7320054570035,-1.970400203114,0.508655262021783,-3.87374386983067,0.000107176053397985,0.0048486176081404
"chr4_127249015_127249514",14.2079535389836,-2.21195522001435,0.548708354297725,-4.0312038311233,5.54918916046408e-05,0.00296943737873938
"chr4_127698745_127699245",24.2892643008249,-2.09619706973309,0.434656231607747,-4.82265504851841,1.41659835435918e-06,0.000198084873334509
"chr4_144356225_144356751",22.7839777874501,-1.71304187778887,0.408941274609112,-4.18896791336675,2.80226014486329e-05,0.0017860983438882
"chr4_144894423_144894997",91.7828861624837,-1.57529009755293,0.259031502827504,-6.08146144525889,1.19092005017592e-09,7.05245101040037e-07
"chr4_148056843_148057347",50.2997849547534,-1.96996581090403,0.31915710031903,-6.17240164462844,6.72603702464375e-10,4.38445895320073e-07
"chr4_150280469_150281048",27.8916602767886,-1.69188069451747,0.434725351306629,-3.89183812131563,9.94876182538288e-05,0.00457292286339153
"chr4_156329723_156330233",21.3435982833707,-2.38744379111691,0.497098262003565,-4.8027602862546,1.56493192776068e-06,0.000204024443418327
"chr4_156575554_156576091",22.7515018423711,-2.2724169644733,0.478938970533289,-4.74469004253926,2.08825846650402e-06,0.000262699251474861
"chr4_177308119_177308618",15.055457576631,-2.05390371731403,0.545089937206605,-3.76800886811371,0.000164554858149234,0.00674251777348046
"chr4_179226476_179226975",15.171561052559,-2.44636944064802,0.617172523440255,-3.96383401356142,7.3755544967187e-05,0.00363480505283309
"chr4_182809036_182809535",28.1486261426848,-2.67640453818124,0.464268230458281,-5.7647807077804,8.17640842525682e-09,3.44876097725318e-06
"chr5_6766424_6766931",32.189619205339,-1.70170671994061,0.380915095614484,-4.46741738390664,7.91695703909482e-06,0.000731284464551577
"chr5_7802837_7803346",17.2889669558624,-2.00973778674503,0.507618881099045,-3.95914703250153,7.52179209104921e-05,0.0036815706613562
"chr5_13591570_13592071",20.2299504396163,-1.8088150732543,0.444032138836516,-4.0736129551205,4.62893850700754e-05,0.00260162902365873
"chr5_19928948_19929447",14.3411407529801,-2.97475421603679,0.721864441824153,-4.12093191419649,3.77342938274782e-05,0.00226421551372328
"chr5_20536773_20537272",31.1314691645391,-1.72589692849163,0.392570262689349,-4.3964026125366,1.10059706698931e-05,0.0009019235735825
"chr5_24817889_24818416",14.732200757039,-2.34106430633753,0.563208962279693,-4.15665314852525,3.22943714774702e-05,0.00199626543688966
"chr5_24905177_24905679",28.9764915702446,-1.60552475465128,0.386128575824821,-4.15800553279867,3.21038250295436e-05,0.00199317980746861
"chr5_26492896_26493408",19.9417689790359,-1.6138074101944,0.439396231920807,-3.6727839088189,0.000239922359758345,0.0086209065008168
"chr5_26757847_26758376",17.3432232257676,-1.94304476454553,0.519782166274824,-3.73819051636755,0.000185349472604775,0.00735419768967825
"chr5_139664158_139664657",13.3930124613287,-2.49825162634566,0.668750661167467,-3.73569967315524,0.000187193974471103,0.00737513403266509
"chr5_147310224_147310746",19.4241694491713,-2.41711692326417,0.561372600957636,-4.30572656937807,1.66438539689214e-05,0.00122004172800942
"chr5_147403935_147404737",42.842694404675,-1.4051520290381,0.356298859995958,-3.94374550918868,8.0218786244115e-05,0.00389972072381984
"chr5_147804956_147805465",56.176008960716,-1.20607928875521,0.278961193676896,-4.32346618846255,1.53596687555573e-05,0.00116546565938332
"chr5_148186181_148186680",24.7401034322509,-2.06532442785334,0.453985417789666,-4.54931886999555,5.38198367545212e-06,0.000543542449927176
"chr5_157100234_157100733",34.3614079420858,-3.27735211525643,0.721841943813522,-4.54026278653473,5.61841582452127e-06,0.000559539592635136
"chr5_158385056_158385555",14.2840774221948,-2.78178306814039,0.704062024029431,-3.95104830710782,7.78096152440806e-05,0.00379546834086857
"chr5_160616954_160617461",19.582336934991,-1.99784790527591,0.455525950253554,-4.38580481345546,1.15557710096192e-05,0.000925817385748317
"chr5_160799025_160799676",41.6383404010926,-1.31545743874274,0.31182942798965,-4.21851602404376,2.45915496942613e-05,0.00163251308205438
"chr5_166562239_166562744",22.3968859372684,-1.80638775801853,0.441348919078036,-4.09287908032497,4.26049925162493e-05,0.00247367691366612
"chr5_178585444_178585951",46.8361743128951,1.32428673130733,0.348679430492664,3.79800646523998,0.000145864519868029,0.0061706285528832
"chr6_17993329_17993910",27.1695304440047,-1.97520973303447,0.423025229825015,-4.66924805844683,3.02304181280282e-06,0.000352467013312238
"chr6_20877353_20877881",18.1798603475577,-2.31180540254214,0.568499471993362,-4.06650404517725,4.77236572422879e-05,0.00265273243609167
"chr6_55040097_55040596",17.0464480434816,-1.90846509625728,0.494109494293756,-3.86243356644078,0.000112263099321977,0.00503114096055149
"chr6_56100964_56101463",23.0760248877598,-1.53848205931312,0.420933619327766,-3.65492797123233,0.000257254192996483,0.00904235877882981
"chr6_67683925_67684424",20.3140937468922,-2.52171085554162,0.543704219680033,-4.63801965161433,3.51763347456017e-06,0.000397215603611554
"chr6_83442766_83443265",18.9491314306404,-2.55788357892948,0.50043068554469,-5.11136437635788,3.19840400442823e-07,6.19842051723043e-05
"chr6_84105473_84105972",16.9721527403029,-2.12030121645261,0.556546565051434,-3.80974629904807,0.00013910946449938,0.0060089422601976
"chr6_87756756_87757352",34.86043392784,-1.46598511756867,0.360875547908169,-4.0623010510585,4.85913552601518e-05,0.00268818473206308
"chr6_97460332_97460876",21.6990830001707,-1.71112229941606,0.470158138685094,-3.63946119108267,0.000273209107391585,0.00939590361895135
"chr6_101761094_101761755",25.5019951485427,-1.4867071899738,0.403616801379559,-3.68346209794104,0.000230087508817236,0.00845924484433376
"chr6_104418015_104418582",38.2488509964342,-1.55999259398342,0.334091376391439,-4.66935905629499,3.02140904453721e-06,0.000352467013312238
"chr6_108689281_108689780",26.0754225209209,-1.82480223805849,0.455112042873188,-4.00956702120702,6.08301861330111e-05,0.00310450426809079
"chr6_119146988_119147487",41.8460209092334,-2.30373428280926,0.473872408213488,-4.86150753426308,1.1649514583397e-06,0.000175858619621575
"chr6_119310365_119310951",26.7477370069545,-1.72507697920488,0.422949238137141,-4.0786856285707,4.52910315832898e-05,0.00255716017297622
"chr6_122770634_122771270",37.127556468137,-1.69989112981753,0.347611129957005,-4.89020915419994,1.00728890354839e-06,0.000157016632236821
"chr6_125598330_125598847",46.8418599352787,-2.23011961144375,0.343587309231462,-6.49069261734987,8.54426481136368e-11,7.20784127410391e-08
"chr6_126180508_126181007",14.0114001496594,-3.17190907171111,0.713431627721023,-4.44598886349266,8.74884806269693e-06,0.000765501568578072
"chr6_127102196_127102781",34.4345998346218,-2.5459190777409,0.417482944300047,-6.09825889296962,1.07229980153248e-09,6.68602237120753e-07
"chr6_133983306_133983805",15.4745885641094,-2.3210577032278,0.560781960115316,-4.13896642244074,3.4887400075207e-05,0.00211276334846392
"chr6_136593245_136594392",25.7856406848254,-1.81979229376866,0.429265591143042,-4.23931554570434,2.24202327375409e-05,0.00153108836994797
"chr6_152095078_152095577",32.9289585908847,-1.83820424004446,0.395880488008219,-4.64333124699569,3.42836027984313e-06,0.000393328918185842
"chr6_152587448_152587951",30.2029355261137,-1.60923152283632,0.361224967360453,-4.45492883450254,8.39210272204015e-06,0.000755340748238759
"chr6_154139921_154140420",19.7404881988097,-2.06597065099586,0.483677567789443,-4.27137992038371,1.94267123353602e-05,0.00139999236985629
"chr6_155224000_155224499",20.9912799360864,-1.7148131300899,0.460490643514755,-3.7238826765325,0.000196182122562927,0.00762451983651744
"chr6_157310481_157311116",40.6385958564294,1.4179159404596,0.374637266880153,3.78477013850623,0.000153850711510827,0.00643257450080691
"chr6_157764320_157764976",35.7527428178952,-1.9634129091085,0.430854404865027,-4.55702178494281,5.18840446353478e-06,0.000527708570294697
"chr6_163712186_163712988",49.0301410592114,-1.27430642348212,0.316381885523009,-4.02774773712335,5.63137172733291e-05,0.00299109266450671
"chr7_12066469_12067009",32.7384476267667,-1.92754215261883,0.447724623823327,-4.30519576108783,1.66838134964574e-05,0.00122004172800942
"chr7_13850013_13850602",39.8752338349593,-1.81049224457888,0.372937514235143,-4.85467987389796,1.20581376121473e-06,0.000178453157237761
"chr7_17773201_17773700",16.7993761673944,-2.15968330762843,0.526558574100068,-4.10150629741335,4.10469333802611e-05,0.00241251668691116
"chr7_20199305_20199826",39.7200441829531,-1.24145294501466,0.327762130244537,-3.78766437748143,0.000152070076195645,0.00637671626526828
"chr7_20219565_20220289",87.4083660016176,-1.07627812838456,0.254389480905535,-4.23082795936923,2.32832703987603e-05,0.00156030551770384
"chr7_50266824_50267360",25.2376752486622,-1.60904655271647,0.438568811390281,-3.66885768191251,0.00024363665209961,0.00866995838153973
"chr7_53596156_53596655",22.3032382012152,-1.93973861420106,0.526499161553813,-3.68421975920431,0.000229404260312031,0.00845924484433376
"chr7_54166343_54166842",21.2442822364916,-1.59578703139035,0.407465133599629,-3.91637688676046,8.9889686373736e-05,0.00428275080493604
"chr7_77327168_77327667",17.6475005788755,-2.35474493859094,0.515999007491062,-4.5634679609955,5.03154913230593e-06,0.000515410329331423
"chr7_79778961_79779460",28.5367144370615,-1.71074577054668,0.392610546144412,-4.3573607162285,1.31640217388435e-05,0.00102600671606932
"chr7_81684870_81685370",19.0868482013794,-2.51267015658458,0.510548698543227,-4.92150927767342,8.58793303192238e-07,0.000135340162209669
"chr7_81846356_81846855",24.7170543417596,-1.55617079716724,0.397631269691993,-3.91360266603946,9.09292135094833e-05,0.00431793328125662
"chr7_82616256_82616755",24.02735958515,-1.81919040958807,0.432164482720628,-4.20948616169386,2.55952117606059e-05,0.00166090919393144
"chr7_82805397_82805919",20.3778801003847,-3.08811737716355,0.568629977225356,-5.4308029840989,5.61010430434916e-08,1.64192869038105e-05
"chr7_83468145_83468693",31.552919687529,-1.96329127256174,0.368350122921922,-5.32995959655996,9.82346186486381e-08,2.39823593413666e-05
"chr7_94043266_94043765",22.3577702893279,-2.46128131494338,0.511174177940159,-4.81495627353757,1.47232126059253e-06,0.000198084873334509
"chr7_94049981_94050480",15.8737846139203,-1.76199401314347,0.482493082282082,-3.65185342100583,0.000260354482895867,0.00910669180295031
"chr7_94620624_94621126",26.1661342865287,-3.16329334709429,0.529306799936319,-5.97629455634212,2.28270104642015e-09,1.16915056095398e-06
"chr7_95608268_95609208",53.7439766933954,-1.21912103999692,0.300918071160205,-4.05133874245749,5.09254179321596e-05,0.00276636900971629
"chr7_120052773_120053759",32.0274624419773,-1.3304834960302,0.361624171375652,-3.67918850935467,0.000233977276270806,0.00850411030188903
"chr7_126700943_126701522",42.2495769080452,-1.73981328086877,0.360271883979256,-4.82916752107402,1.3710502993384e-06,0.000194675567750613
"chr7_126979738_126980256",26.5680661471412,-1.84950998138469,0.403798372108807,-4.58028092517005,4.64351787189207e-06,0.00049327918370966
"chr7_126993721_126994261",28.171800043332,-2.21420261068772,0.411283741853783,-5.38363758486445,7.29954040091632e-08,1.97514545074605e-05
"chr7_146948648_146949156",37.0102071000992,-1.30297135860884,0.353190748758012,-3.68914351010243,0.000225010275463958,0.0084320157560124
"chr7_146961637_146962136",27.7029441545177,-2.51578677833852,0.532674211540845,-4.72293706703241,2.32462800786351e-06,0.000282521103904836
"chr7_158595007_158595512",38.2312144528321,1.29784056498672,0.340800058637054,3.8082169650355,0.000139972436580726,0.00602049534908739
"chr8_26133636_26134509",28.7462032036963,-1.78034995972697,0.39355960883318,-4.52371107138084,6.07646621331443e-06,0.000585187999775464
"chr8_27299767_27300266",28.2440444841273,-2.16270961910467,0.469454632961303,-4.60685541744978,4.08804035662024e-06,0.00044753119659764
"chr8_31833478_31833982",16.8478263376939,-2.72925807285989,0.540511123021452,-5.04940223543109,4.43194677404392e-07,8.04538590969162e-05
"chr8_49366794_49367293",15.221616849092,-3.03193235194279,0.629558659678055,-4.81596481175125,1.46490339027994e-06,0.000198084873334509
"chr8_50056410_50056909",17.7675109817405,-1.96679161481709,0.503693665608963,-3.90473763937302,9.43276619873667e-05,0.00438276653684587
"chr8_63191914_63192413",14.373452614857,-2.30338971983531,0.570507543162536,-4.03743955262494,5.40377624399112e-05,0.0029133667336495
"chr8_63199970_63200535",22.4208955255864,-1.76463745906249,0.440610736422835,-4.00498061710655,6.2022566586475e-05,0.00314298808274431
"chr8_64065761_64066261",18.3580261185387,-1.81349968588968,0.482091043816493,-3.76173693568965,0.000168737470620669,0.00683577419822322
"chr8_71246787_71247346",23.2964561988554,-1.63457889069157,0.388880957225599,-4.20328859081498,2.63064845056535e-05,0.00169175468293981
"chr8_80864667_80865268",35.873403439586,-1.82049427519243,0.367809524738562,-4.94955718312742,7.43825217925841e-07,0.000121708519914624
"chr8_81026260_81026812",23.1094210796822,-2.02039087372763,0.487227173830638,-4.14671221607588,3.37283561550167e-05,0.00207201848697257
"chr8_81364472_81365009",18.3326317790983,-1.79552086364675,0.475755849435702,-3.77403843962494,0.000160625994631574,0.00661936031325114
"chr8_85535195_85535762",35.9361090703797,-1.68169597009597,0.379844178197664,-4.42733117057503,9.54061943981914e-06,0.000800128791733604
"chr8_90005602_90006252",33.7086985973542,-1.44363220094703,0.37912640295999,-3.80778597764761,0.000140216543239327,0.00602049534908739
"chr8_90230915_90231618",29.1312743186729,-2.70330156305925,0.486736576936467,-5.55393141003272,2.79315117988028e-08,8.90146246014734e-06
"chr8_91180182_91180693",28.1810332040165,-1.85075453319653,0.384524641788219,-4.81309734686874,1.48608853828633e-06,0.000198084873334509
"chr8_110651524_110652103",16.2033671490274,-2.36791936375519,0.576567761812211,-4.10692293358993,4.00964936406668e-05,0.00236635314938602
"chr8_118108698_118109197",17.852190942221,-2.19185963123438,0.485351303919206,-4.51602707880898,6.3010610501611e-06,0.000602423443469068
"chr8_118905056_118905583",19.7196986332558,-2.07079282089553,0.507374130727424,-4.08139220248897,4.4766739571596e-05,0.0025476183023661
"chr8_120827572_120828071",23.6245627141144,-1.81603845205479,0.477596235955753,-3.80245553740721,0.000143268984628107,0.00611214117558646
"chr8_125212190_125212689",85.8267429523786,1.34566353929188,0.267249736330989,5.03522868821573,4.772786883853e-07,8.55581708766698e-05
"chr8_125214089_125214393",78.8710212826258,1.08835531781889,0.28233373450584,3.85485397175014,0.000115798727663508,0.00515735886156016
"chr8_125335033_125335202",57.2770002734975,1.6735097532221,0.296309798568071,5.64783804420036,1.62478130858325e-08,5.97461249907498e-06
"chr8_125376244_125376743",143.807920596677,1.14601495441361,0.270854176200741,4.23111421241019,2.32536553689164e-05,0.00156030551770384
"chr8_125469231_125469400",100.986662276518,1.15024332258275,0.26366928435715,4.36244716705306,1.28615651582767e-05,0.0010079109613926
"chr8_125495154_125495653",269.854526197565,1.10322157756554,0.209616835526231,5.26303898632933,1.41693517159239e-07,3.27746246706557e-05
"chr8_125531267_125531436",96.5135185565991,1.21212897846973,0.263095022311541,4.60719084618179,4.0814537224944e-06,0.00044753119659764
"chr8_125957660_125958203",298.587557864785,1.27931173935256,0.187081554820365,6.8382569333516,8.01625322718841e-12,1.14961087531109e-08
"chr8_127104376_127104537",103.907799638024,1.15992412622669,0.237926912687299,4.87512788328887,1.08737989282088e-06,0.000167678656375744
"chr8_127196757_127197256",368.950764318302,1.55077379781946,0.214569246409063,7.22738148067597,4.92395528645687e-13,1.17690737938463e-09
"chr8_127207041_127207202",137.340879266631,1.50100364471353,0.186289657166384,8.05736436227864,7.79570185118048e-16,5.58990801238896e-12
"chr8_127322490_127322659",66.2436979616486,1.08007807214042,0.256136092521394,4.2168132632468,2.47778993246347e-05,0.00163251308205438
"chr8_127330078_127330577",158.520573956873,1.37816851655433,0.251082457531458,5.48890802688459,4.04426125661864e-08,1.20830730585766e-05
"chr8_127733873_127734372",842.384287470729,1.01724994151233,0.138244993324623,7.35831307195085,1.86248829496829e-13,6.67748615953508e-10
"chr8_128949763_128950262",12.3518778916563,-2.63571467797469,0.688628749321355,-3.82748277729065,0.000129460439410666,0.00566516699101616
"chr8_129149723_129150327",235.91742185619,1.36837447282163,0.203782515709353,6.71487673051053,1.88225272545418e-11,2.29602622919341e-08
"chr8_129449455_129449954",191.073550740956,1.11183384375832,0.20853770983385,5.33157213937066,9.73661274914756e-08,2.39823593413666e-05
"chr8_129510669_129510830",114.58282881123,1.1620068784939,0.224682084329805,5.17178252979092,2.31871349669255e-07,4.75038146515255e-05
"chr8_129574186_129574355",53.3579772037823,1.20673071999104,0.27150774879189,4.4445535177561,8.80745825363516e-06,0.000765501568578072
"chr8_129627029_129627528",93.063158795403,1.51350226491955,0.30596997317756,4.94657122462549,7.55320986849004e-07,0.000121708519914624
"chr8_129681891_129682432",466.925764691116,1.30685934315302,0.14553967982634,8.97940235070176,2.72241488887865e-19,3.90421519214087e-15
"chr8_131816019_131816815",28.7001888752859,-1.60152854148076,0.399982537733456,-4.00399615082196,6.22813782362327e-05,0.00314499030030216
"chr8_131827457_131827956",17.9732769368776,-2.08412863254723,0.560698007865838,-3.71702521376876,0.000201582332460387,0.00775038131317535
"chr8_131856667_131857234",36.4685380131682,-2.15603986708158,0.434493251668801,-4.96219413949622,6.97012741874083e-07,0.000116933387651617
"chr8_138191907_138192419",28.3887524504218,-1.46267877701664,0.386660758623908,-3.78284774028321,0.000155044264320002,0.00646363312387545
"chr9_2570600_2571132",28.3280494760161,-1.61345742557706,0.431203175970819,-3.74175682251062,0.000182738299329415,0.00732025125889144
"chr9_7828321_7828820",10.5001329677301,-3.05524774647488,0.786459197834148,-3.88481405632844,0.000102408236064911,0.00466903576005365
"chr9_23581818_23582406",19.1092009438322,-2.08610783162184,0.470832009668513,-4.43068395687572,9.39346750007514e-06,0.000792421867168103
"chr9_73220134_73220722",36.8916964274638,-2.29022121931394,0.362796490870181,-6.31268845467816,2.74229205559326e-10,2.06985317732963e-07
"chr9_73270976_73271475",16.1855550674761,-2.2358205302217,0.518679807592465,-4.31059874992941,1.62813101265013e-05,0.00120355808517605
"chr9_73869168_73869670",41.337904054382,-2.60952485622503,0.433439132861121,-6.02051051320545,1.73867812070736e-09,9.59014728040932e-07
"chr9_82247247_82247746",16.5871776715132,-1.81751191422019,0.499982204003414,-3.63515321078865,0.000277815480170869,0.0094860757169772
"chr9_87713483_87713982",18.433013128942,-4.00669662782669,0.889286209584282,-4.50551980301114,6.62106637468519e-06,0.000628825913108347
"chr9_116549203_116549702",27.7981859506128,-1.75934201587698,0.438399504689441,-4.01310219801295,5.9925952561757e-05,0.00308044991558856
"chrX_19085999_19086627",22.8801917871935,-1.73698568217981,0.470863166641456,-3.68893938884469,0.000225190853814431,0.0084320157560124
"chrX_22800235_22800734",11.3130577060166,-2.75855252869929,0.705551162541194,-3.90978383305864,9.2378752329551e-05,0.00437228939656136
"chrX_34218063_34218562",26.1861455013215,-1.69371370402318,0.397589705762444,-4.25995361417925,2.04469333085179e-05,0.00143166351847417
"chrX_67780508_67781030",33.9237356504871,-1.62054634585832,0.397890077195956,-4.07284935899575,4.64414636396788e-05,0.00260162902365873
"chrX_80223861_80224403",43.2201566616896,-1.67946543242499,0.340269193266091,-4.93569640056025,7.98652636296075e-07,0.000127260860634689
"chrX_109270956_109271482",30.7791499683263,-1.57109481229663,0.411027412687013,-3.82236017307434,0.000132180433287451,0.00574424119325861
"chrX_118975991_118976490",18.0342907689853,-1.96753753456368,0.518681808528947,-3.7933420879824,0.000148633167014017,0.00626925955337654
"chrX_150200865_150201442",24.2930928126464,-1.76472355814225,0.464266673465897,-3.80109893516162,0.000144055764406124,0.00611214117558646
