"chr1_778492_779012",50.1057614723897,-0.480149648598375,0.26727182761177,-1.79648432417585,0.0724175235933362,0.324949845385493
"chr1_16644423_16644954",36.5546749862271,-1.22991802081756,0.325822057549022,-3.77481509407174,0.000160126392984946,0.00661778847780146
"chr1_24668944_24669632",44.056791350216,-1.59000924449607,0.316398659891813,-5.02533495255558,5.02554617556321e-07,8.89769848194469e-05
"chr1_65165454_65165953",16.2743038315872,2.43679995753527,0.606211489444318,4.01971919035872,5.82675496505232e-05,0.00304279315378732
"chr1_66395324_66395928",24.1377038727669,1.84839923059239,0.438480686005093,4.21546327942691,2.4926595052743e-05,0.0016322936057141
"chr1_66564277_66564776",17.7970371111933,2.76773976077837,0.574940126402033,4.81396172171675,1.47967162083684e-06,0.00019804945122257
"chr1_67686744_67686905",13.240940032334,2.20825222904985,0.585387350165359,3.77229236064986,0.000161754562806963,0.0066467684390105
"chr1_69911152_69911844",25.8866085798297,2.10758725487517,0.424826010517203,4.96105982849144,7.0109591629282e-07,0.000116911820180876
"chr1_78277252_78277751",28.1173299574028,2.31281649231193,0.433988848061245,5.32920719655346,9.8642411108171e-08,2.39767935203776e-05
"chr1_82225403_82225902",19.8135503886792,2.24851922117248,0.473335320050642,4.75037278209433,2.0304199826761e-06,0.000257683654615557
"chr1_84779869_84780368",14.4419838627429,1.82733228503318,0.501340484637798,3.64489272465871,0.000267503359734222,0.00929760077835098
"chr1_84854265_84854836",27.4419178777351,2.30860667408205,0.418501226168624,5.5163677660334,3.4607766484713e-08,1.05675823774837e-05
"chr1_86788340_86788859",21.622005045174,2.45357047539397,0.518424593098985,4.73274321483722,2.21505642362038e-06,0.000273845898027067
"chr1_92096226_92096745",16.2016680125004,2.3652141772696,0.558834236338762,4.23240743581755,2.31203078807141e-05,0.00156032378941474
"chr1_96362487_96363013",35.2015701089776,2.83969750518071,0.441927427357862,6.42571003605349,1.31255392825473e-10,1.04574088250562e-07
"chr1_98323962_98324483",23.3938583315003,2.29101512243709,0.443301949628451,5.16806913291782,2.36524825791856e-07,4.77746834743804e-05
"chr1_118039043_118039546",23.1422781027133,1.88660810813971,0.4170567386235,4.52362456572809,6.07895150101464e-06,0.000585088882389604
"chr1_165854084_165854583",28.6764089361305,1.82401059297446,0.440709467183208,4.13880510585038,3.49119361651718e-05,0.00211254040736172
"chr1_166511738_166512237",11.8309238449447,2.69577732753128,0.722389521200217,3.73175032086895,0.000190153925568407,0.00745081269556426
"chr1_168503867_168504557",41.45891818049,1.92243213116562,0.348504203039799,5.5162380091757,3.46333150925133e-08,1.05675823774837e-05
"chr1_169604857_169605356",28.9067726622591,1.62446616459847,0.440786759423218,3.68537876846421,0.000228362765108002,0.0084579010394935
"chr1_186082168_186082750",24.8073213976696,1.83582872102918,0.401760875951164,4.56945618879109,4.88991369203494e-06,0.000508161248242559
"chr1_186146937_186147437",30.2910329985932,1.69123864465214,0.404166916716395,4.18450539789946,2.85787656747707e-05,0.00181348707319419
"chr1_187621937_187622441",31.6090106638449,1.79180683161939,0.36956899508592,4.84836892554478,1.24480738203592e-06,0.000182161047609971
"chr1_187715392_187715891",35.618137231322,1.17382658039148,0.322068522002186,3.64464857693704,0.000267757417297187,0.00929760077835098
"chr1_193558398_193558942",25.760165516326,1.85574732172293,0.417670079609983,4.4430937534616,8.86745027632668e-06,0.000766072918149403
"chr1_195908098_195908597",11.9016996191803,2.59227179127149,0.609172019692768,4.25540193487364,2.08673810597867e-05,0.00143874572970385
"chr1_209039306_209039805",33.8843037923383,1.82195549959163,0.467961411981164,3.893388328491,9.88537188032232e-05,0.00455839608153384
"chr1_209884604_209885103",22.0749563458576,2.77480822429393,0.589466617129302,4.70732038704282,2.50994263499946e-06,0.000300903705405806
"chr1_214427697_214428268",26.6137477015307,2.31827310331474,0.430529401926356,5.38470332790718,7.25642340687085e-08,1.97475838681084e-05
"chr1_214957244_214957780",29.6569025495791,2.24001925146748,0.398984528825026,5.61430103082978,1.97358374268217e-08,6.63159273825137e-06
"chr1_215704364_215704900",28.1218174587604,1.52994272323033,0.388668952343586,3.93636464658449,8.27252437431474e-05,0.00399448727447972
"chr1_217482347_217482847",20.1628782695168,1.72369334010562,0.458008376033287,3.76345374954529,0.000167582732192155,0.00681406239586126
"chr1_240312900_240313399",21.2189461582429,1.93343585459358,0.452849064631013,4.26949287433986,1.95917908021981e-05,0.00140482935947161
"chr1_246961920_246962485",18.268929070994,1.64166634885841,0.447812583796087,3.66596743428262,0.000246405283192039,0.00874677763925007
"chr10_48634159_48634833",25.4406779212387,2.05230571125106,0.437306167978987,4.69306371948926,2.69143613629912e-06,0.00031899079033608
"chr10_66176649_66177148",14.7495526631524,2.41492882102588,0.65522364428535,3.68565579415229,0.000228114485542928,0.0084579010394935
"chr10_97689480_97689979",23.6472868327143,1.8955401671249,0.451788505027907,4.19563611298126,2.72106815160112e-05,0.00174209099830856
"chr10_104329123_104329699",40.3989888833599,1.86352309942124,0.429852517272134,4.33526157121807,1.45586900001521e-05,0.00111650360049295
"chr10_107616690_107617189",14.1256632333879,2.08312608450503,0.559554272072749,3.72283116843794,0.000197001259955322,0.00763566234870075
"chr10_108358795_108359330",30.0108966409242,2.10856225035896,0.465900109777542,4.5257818277093,6.01726326253762e-06,0.000585088882389604
"chr11_5280490_5280989",17.8756369419512,2.20345652552169,0.546925596554768,4.02880490399765,5.60611172185374e-05,0.00298874528636076
"chr11_22163244_22163748",63.4726133821392,2.02053144641538,0.283419454934514,7.12912050050425,1.01012274578877e-12,1.81077128716959e-09
"chr11_22624953_22626146",129.65362951133,1.00441661937809,0.227110768841707,4.42258473475627,9.75270805583791e-06,0.00080846003600446
"chr11_43830862_43831361",22.7007835808142,2.08701576211786,0.513836882613532,4.06163090415515,4.87310804217687e-05,0.00268789393972533
"chr11_50075821_50076326",42.0371496085511,2.16444418368945,0.35620593755083,6.07638434825527,1.22922583593866e-09,7.0513310852785e-07
"chr11_93537646_93538181",34.726835386112,2.2097212101268,0.390116791297952,5.66425557529801,1.47664181030803e-08,5.57276847411247e-06
"chr11_107043562_107044117",22.1352876650407,2.36292468518427,0.487841076527787,4.84363617348995,1.27484278237072e-06,0.000183218182199743
"chr11_108497597_108498096",21.5382235303556,1.93246734065774,0.494704675084172,3.90630498959594,9.37182108772017e-05,0.004382240200849
"chr12_9118172_9118695",30.2232405937714,1.52512380345968,0.410613864254172,3.71425306407975,0.000203804768705083,0.00779403783466559
"chr12_11855418_11855994",17.4224561981965,2.15192645422532,0.577754605122189,3.7246374760963,0.000195596099052225,0.00762240124051077
"chr12_16348991_16349490",19.1486851316338,1.8343495797009,0.496147254239951,3.69718780871002,0.000218001063318421,0.00824895316371893
"chr12_16573556_16574055",18.4808849809879,1.7822585076055,0.448389498275103,3.9747998435771,7.04384695653751e-05,0.00350749337512863
"chr12_20492096_20492595",32.0822243586932,1.44097297842135,0.389060956702717,3.70372033892469,0.000212460475145714,0.0080605705663087
"chr12_22042847_22043439",22.8968951440582,2.28210920262116,0.535432116340433,4.26218213845465,2.02440334318941e-05,0.00143143847289741
"chr12_29242060_29242592",27.9399063629403,1.73434597365291,0.401915421283281,4.3152013628024,1.5945748558351e-05,0.00119103114622558
"chr12_42698241_42698740",15.0298414921209,2.96737104851384,0.666530548236208,4.45196556461843,8.50878135927621e-06,0.000757915735859504
"chr12_49342065_49342942",22.9855977038922,-1.39470824138045,0.379796578184335,-3.67225067705462,0.000240423671727521,0.00861978969061094
"chr12_58030878_58031377",15.254607224691,3.25469663988316,0.751026543921115,4.33366392470015,1.46647992328255e-05,0.00111865896701038
"chr12_68364985_68365596",73.8028117794932,1.10895898526308,0.27638039704117,4.01243719574613,6.00950701622643e-05,0.00308010788988188
"chr12_74537500_74538087",59.3218528551513,1.10323455315486,0.303405931305118,3.6361667301929,0.000276725257924428,0.00948482054219317
"chr12_81668388_81668887",22.3047123769865,2.25722230424584,0.515980066186634,4.37463082814014,1.21638155118047e-05,0.000963763968258513
"chr12_87425892_87426391",12.8003360664445,2.37908861111868,0.608806272808783,3.90779253988718,9.31432303568187e-05,0.004382240200849
"chr12_89769052_89769551",16.1090023366709,2.23878420946813,0.535879953640903,4.17777189509939,2.94378659373704e-05,0.00185161594477118
"chr12_90253624_90254247",35.1604747921483,1.64255866926286,0.357029087551841,4.60062982690272,4.21215392948286e-06,0.000457624996232679
"chr12_92593657_92594183",31.9788090238444,2.03900622719502,0.396010997360593,5.14886263458583,2.62070713143191e-07,5.21993902387014e-05
"chr13_24253798_24254607",67.8584354089108,1.60269975255634,0.296726892172557,5.4012622206966,6.61736112996221e-08,1.89799151929576e-05
"chr13_34156929_34157428",35.9731909452081,1.3612630411464,0.361726383417226,3.76323957430629,0.00016772638070839,0.00681406239586126
"chr13_35496921_35497445",18.746532561986,2.56774693445076,0.559065806105595,4.59292431482704,4.37077611984127e-06,0.000467770898019729
"chr13_35512400_35513051",32.9216236940011,2.46232560542605,0.398734494609824,6.17535136466063,6.60164877151841e-10,4.38387000807969e-07
"chr13_42720327_42720826",16.4058784100637,1.86984213461636,0.516123198131081,3.62286008725667,0.000291363439971425,0.00987811605822743
"chr13_54029158_54029677",92.4669961051472,1.15136478608646,0.275301203248781,4.18220034093353,2.88701396654866e-05,0.00182390604820592
"chr13_54852743_54853254",21.6113985316105,1.51745066651363,0.41187462209008,3.68425386058807,0.000229373552980004,0.0084579010394935
"chr13_55815327_55815899",44.7738794786464,2.5345752225894,0.345871152620072,7.32809083206064,2.33454479561515e-13,6.69594138278339e-10
"chr13_56332634_56333133",14.8101236972397,1.94972374361975,0.501155334674362,3.89045792535887,0.000100055225291783,0.00458431944380021
"chr13_57865532_57866140",34.797969942795,1.29402596760817,0.343711937085213,3.76485605528259,0.000166645053769976,0.00680870859292086
"chr13_58313163_58313662",23.5067420331583,1.59581702253785,0.401595780884247,3.97368971114221,7.0767742998318e-05,0.00351169620186463
"chr13_58323996_58324495",22.1745280547629,1.89726878164301,0.455119502508759,4.1687266117683,3.06306124788135e-05,0.00191822538671906
"chr13_66076099_66076758",28.1699042782379,2.44957796289488,0.41068951024494,5.96454962152289,2.45309714457655e-09,1.21309883277146e-06
"chr13_67520835_67521334",20.1410668142134,1.85691791075618,0.463285658471335,4.00814891806343,6.1196528938494e-05,0.00311212560818065
"chr13_69389853_69390378",27.4627601695705,3.09717029833118,0.462247729753688,6.70023906873816,2.08078837174172e-11,2.29542969531907e-08
"chr13_70473875_70474374",11.1694368490808,2.14156208400598,0.572708726616508,3.73935647298071,0.000184491949437867,0.00735338269480784
"chr13_79451433_79451932",18.453324294776,1.79008288054621,0.492353517573597,3.63576742452871,0.000277154303398274,0.00948482054219317
"chr13_87124019_87124518",31.1347839895869,1.87475933397837,0.434067460891033,4.31905061515081,1.56701843600944e-05,0.00118276902056902
"chr13_93151189_93151688",26.2203089024672,2.48819235842389,0.491858540387171,5.05875603271072,4.22000359565492e-07,7.75885532888297e-05
"chr13_98484706_98485293",34.3376388420562,2.23355222308512,0.426098540319811,5.24186781163041,1.58959235201284e-07,3.6184672889232e-05
"chr13_100392713_100393212",27.3231969672579,1.86895424050796,0.451848293885801,4.13624277395261,3.53038684882739e-05,0.00212728057979133
"chr13_101258018_101258567",40.4091678228228,2.01829329348012,0.358522876677896,5.62946864697115,1.80765626466062e-08,6.32282890036536e-06
"chr13_114065159_114065754",46.7576771402782,1.34933629339978,0.306399739337935,4.40384282413362,1.06350007889241e-05,0.00087653187536759
"chr14_31229558_31230141",27.9709019880002,2.32731915459209,0.460023530870431,5.0591306713995,4.21172182072913e-07,7.75885532888297e-05
"chr14_35336588_35337099",22.0048427913665,2.73923148159825,0.526409133639213,5.20361693320399,1.95446675523235e-07,4.12191290246869e-05
"chr14_41859292_41859821",24.2120143550056,2.62421607646693,0.491214163299516,5.34230539860641,9.17718697367414e-08,2.35017925695466e-05
"chr14_44112741_44113240",20.7121912756062,1.98752258605235,0.464410435179044,4.27966823201572,1.87172113479666e-05,0.00135567438354136
"chr14_44316834_44317333",14.6761178191324,3.39792812623327,0.70608152807481,4.81237362985264,1.49148181661234e-06,0.00019804945122257
"chr14_46653008_46653835",27.7041553326427,1.81025599552105,0.405882997372345,4.46004392211673,8.19428581369111e-06,0.000743761094013571
"chr14_46686493_46687174",112.150809234591,1.84817455893514,0.449420801248537,4.11234761230615,3.91655987943607e-05,0.00233059689755156
"chr14_55117776_55118275",14.9500107576969,2.07001730372689,0.550480258056339,3.76038427070174,0.000169652547871378,0.00685348503950264
"chr14_85421378_85421877",17.3212767271048,2.40429161309099,0.5884662736532,4.08569143336821,4.39457498996676e-05,0.00253102810968327
"chr14_85599855_85600391",27.5617625342483,1.81271072885504,0.408636097982494,4.4360024427717,9.16448080896278e-06,0.000782308448103186
"chr14_85607453_85608019",23.9344280336781,2.13561108769617,0.440949536035238,4.84320973982271,1.27758302907568e-06,0.000183218182199743
"chr14_87698417_87698916",13.7178082853773,2.61287635333837,0.612450397223429,4.26626607670427,1.98771701289476e-05,0.00141820147671262
"chr15_54803082_54803928",45.8604765323013,1.62823199091603,0.344197284617668,4.73051957026522,2.23945935694327e-06,0.000274496466990798
"chr15_92803708_92804338",35.1648289564514,1.32561191464024,0.361107004309425,3.67096705082006,0.000241634491982514,0.00864159663222251
"chr16_59259069_59260385",44.5559946440721,1.18238370754065,0.320064348906673,3.69420621690489,0.000220574745761397,0.00830252606027349
"chr16_72202290_72202814",21.0525245859861,1.75316763846162,0.451324365266213,3.88449588230742,0.000102542430578243,0.00466844760927804
"chr16_75305297_75305796",15.0005842787758,2.29318149457748,0.620748398708873,3.69422055594052,0.000220562300458966,0.00830252606027349
"chr16_75506442_75506941",19.0224859552845,2.5347740563812,0.643937447286528,3.93636690498808,8.272446561624e-05,0.00399448727447972
"chr17_21287790_21288289",41.7638355155769,2.10886040181177,0.375709612872807,5.61300624087492,1.98841425106205e-08,6.63159273825137e-06
"chr17_64326479_64326978",23.7432033468191,2.15911996181877,0.476341442454819,4.53271491703888,5.82303804838973e-06,0.000571973894876419
"chr17_64995444_64995943",9.70372703983489,-3.16160007299568,0.834035347027947,-3.79072671711328,0.000150207152920102,0.00631706973615009
"chr18_2516109_2516733",26.8985078603637,1.66117262037519,0.379847641323746,4.37326032770958,1.22404614502739e-05,0.000964508009111967
"chr18_3652728_3653266",27.4245335929737,1.99485265399163,0.47197592248369,4.22659834742009,2.37250603622249e-05,0.00158251670071938
"chr18_22302176_22302675",13.4268828795531,1.94127868059573,0.531771225551183,3.65058992912523,0.000261638680522263,0.00912934383788265
"chr18_23231252_23231751",27.0124393686434,1.67026726094642,0.427615452657641,3.90600304681616,9.38353288688235e-05,0.004382240200849
"chr18_31206664_31207282",44.43376037431,2.02614654115689,0.353051037468699,5.73896215029966,9.52585045385729e-09,3.90314918167907e-06
"chr18_32921375_32921874",19.0093543093782,2.23176716889636,0.545194764859941,4.09352274222533,4.24868382706374e-05,0.00247326474353036
"chr18_38940734_38941239",39.0720159310746,2.36591162214686,0.379812940958683,6.22914958130463,4.68973864569102e-10,3.36277709589275e-07
"chr18_41644390_41644889",24.9786157476272,1.82410475253249,0.411693633183155,4.43073345203029,9.39131151249241e-06,0.000792282556180742
"chr18_41645526_41646085",20.0999785754388,2.58520195663379,0.504795490328585,5.12128576059784,3.03459372839304e-07,5.96152173409377e-05
"chr18_45059575_45060074",19.9068814901726,2.04017629903574,0.500113105881313,4.07942978306975,4.51463034446339e-05,0.00255681632057155
"chr18_54388643_54389163",25.0806134695169,1.61532750408966,0.402159442764619,4.01663452929314,5.90351692963674e-05,0.00305640203205489
"chr18_54776181_54776685",21.4592121469941,2.58540597186125,0.545550075419018,4.73908095398116,2.14689726514481e-06,0.000267727423299493
"chr18_59904674_59905233",60.0906031801266,1.30109280718252,0.290489930465513,4.47896009716242,7.50075520177679e-06,0.000707686383872901
"chr18_60568196_60568695",21.5837651444228,1.5471039191609,0.406548621127863,3.80545853253386,0.000141541727643892,0.00605925348101808
"chr18_60656432_60656976",47.9598008361911,1.7580974187877,0.312206809706424,5.63119497758838,1.78965263886269e-08,6.32282890036536e-06
"chr18_61738428_61738941",22.7499305011263,1.62138877598708,0.439880581269683,3.6859748873366,0.000227828817687678,0.0084579010394935
"chr18_66630761_66631295",18.929015405595,1.71420203317539,0.447887380554236,3.82730594252099,0.000129553449311013,0.00566440858710134
"chr18_68840710_68841266",22.5946607187691,1.86260621533383,0.464227409639563,4.01227109097243,6.01373829695924e-05,0.00308010788988188
"chr18_70421998_70422514",29.0742308424738,1.69954201947676,0.398822588668753,4.26139859617714,2.03151528790698e-05,0.00143143847289741
"chr18_74249087_74249586",23.4622137457774,1.80102469905939,0.461585851087404,3.90181955277991,9.5472319186752e-05,0.00441667267566842
"chr18_75696379_75696878",19.2309228654687,1.82051442990018,0.494896214673175,3.67857820675076,0.000234537775375928,0.00850334219939215
"chr18_77054944_77055531",60.1158254040089,1.14112250868275,0.269505490249513,4.23413455372014,2.29433549590681e-05,0.00155938698326064
"chr18_77067316_77067939",31.0078508936156,1.75956799714185,0.428240317778741,4.10883311097057,3.97663305313497e-05,0.00235656589318217
"chr18_77101278_77101845",39.1062626344953,1.76964127443033,0.395514294879483,4.47427892579599,7.66696051242367e-06,0.000718639743193907
"chr18_77114405_77115005",50.6840970531097,1.65638331015805,0.34043784490968,4.86544999307437,1.14196683076203e-06,0.000174222833191045
"chr19_4342582_4343393",28.9502689951075,-1.62273927622843,0.347734701332078,-4.66660149249458,3.06222420042528e-06,0.000354156106921766
"chr19_39398387_39398886",10.3794904648321,2.67414696735157,0.680706567453672,3.92848709739174,8.54819361143525e-05,0.0040863214860531
"chr19_42242348_42243473",91.8335534464577,-1.02032327395686,0.222902446306277,-4.57744314100034,4.70693669243849e-06,0.000496339552251915
"chr2_7007885_7008520",59.6333122686094,1.07291851052992,0.291347479212596,3.68260783800024,0.000230860159113829,0.0084579010394935
"chr2_12507245_12507750",21.2354922717472,2.26177908881667,0.495324178923707,4.56626020908428,4.96502394513475e-06,0.000512254736670341
"chr2_15042716_15043368",35.1486869906726,1.63139063352189,0.425230189208296,3.83648827135076,0.000124806153580998,0.00549032223467818
"chr2_17643089_17643610",21.2135459514436,1.90732055731394,0.51853474056519,3.67828885531374,0.000234803954463377,0.00850334219939215
"chr2_22280958_22281539",21.5665635158739,1.58963110876807,0.424546093611326,3.74430746787977,0.000180892026267135,0.00726658977226045
"chr2_36168074_36168573",20.0653410585169,1.79010193880692,0.469138216704049,3.81572397018379,0.00013578422890401,0.00588302606257524
"chr2_36698933_36699432",22.039426212924,1.48908926620256,0.407577623820654,3.65351083860729,0.000258678863814841,0.00907020436667148
"chr2_51003500_51003999",13.6119561752494,2.30510347843602,0.5946236898078,3.87657524909762,0.000105937056908704,0.00480773206685987
"chr2_51028768_51029267",22.7002356003957,1.87366296268939,0.42812624405502,4.37642631982308,1.20640946007929e-05,0.000961173225944285
"chr2_57408537_57409103",17.3160986299929,2.63958759675069,0.543738894833101,4.85451311619137,1.20682882584723e-06,0.000178424043211084
"chr2_57443978_57444726",46.1045371656404,1.66361582775763,0.390874719659297,4.25613564675584,2.0799054625056e-05,0.00143874572970385
"chr2_57490667_57491166",11.8445358325118,2.83589895595873,0.699905743540998,4.05182981012731,5.0818626420346e-05,0.00276624084502925
"chr2_58107758_58108317",32.9670739999052,2.08972720385098,0.400443897132766,5.2185267869325,1.80351898203375e-07,3.89822776075402e-05
"chr2_71882925_71883436",16.0021557165047,1.93658138242909,0.518103307853181,3.73782863972349,0.000185616382087751,0.00735338269480784
"chr2_76491425_76491995",29.760654673075,1.80644602659175,0.390027050163084,4.63159164431393,3.62865314013458e-06,0.00040655089595836
"chr2_82837791_82838312",33.6628051646088,1.55077641984999,0.372959912774208,4.15802440620163,3.21011734026764e-05,0.00199291310721984
"chr2_89833037_89833537",81.817061526797,-1.18651103173134,0.295201330151535,-4.01932820262792,5.83643213731526e-05,0.00304279315378732
"chr2_104572850_104573349",21.9022338084096,1.59839113341099,0.434332993810172,3.6801052560828,0.000233137701941424,0.00850334219939215
"chr2_105873674_105874173",14.6086277939124,2.62011013081166,0.641493384329978,4.08439150708981,4.41924678930224e-05,0.00253505672821534
"chr2_117232192_117232792",33.1904795016166,1.70515915851402,0.353969869599203,4.81724379661115,1.45554803541718e-06,0.00019804945122257
"chr2_127064651_127065169",41.9749405508054,1.98282742864373,0.396538315564955,5.00034259191011,5.72285339599165e-07,0.000100087122624288
"chr2_136214128_136215115",17.2753038501655,1.9052022922308,0.476391742485614,3.999234500351,6.35476916408422e-05,0.00319767524849585
"chr2_137706752_137707455",51.3279034261073,1.83101896108952,0.307977042849778,5.94530989760374,2.75934317791148e-09,1.27650775852995e-06
"chr2_141557241_141557762",38.2903479144611,1.72975280051754,0.363188689097712,4.76268356488428,1.91035283493461e-06,0.000246814144196372
"chr2_145692937_145693508",38.8037510264216,1.24810481705142,0.332251376044376,3.75650759346959,0.000172301045738608,0.00694092499139714
"chr2_150681277_150681920",46.8760462339798,1.98144374793749,0.332641273825234,5.95669841313355,2.57384581525193e-09,1.23038409455093e-06
"chr2_150911908_150912407",20.9887662164231,1.68316559428474,0.457103237969147,3.68224386631527,0.000231190098841186,0.0084579010394935
"chr2_156405498_156406009",47.1397010140523,1.68044175367175,0.322126294204798,5.21671711966293,1.82122069570127e-07,3.89822776075402e-05
"chr2_158214388_158214888",17.1853795381751,2.05705617044169,0.496246843252883,4.14522771965208,3.39476171571597e-05,0.00207167139425884
"chr2_162917573_162918072",27.5913198457191,1.86321499002126,0.404312633974489,4.60835213509264,4.05872858238421e-06,0.00044746889047346
"chr2_163348974_163349473",29.4579421867649,1.8563484295771,0.419645762517159,4.42360818429852,9.70659907717045e-06,0.00080846003600446
"chr2_179106499_179106998",12.9513978873735,2.71792308666961,0.705764103439452,3.85103616551784,0.000117619126206374,0.00521724128784129
"chr2_179460430_179460929",15.3371710446592,2.62274431420836,0.646201976377637,4.05870673579562,4.9345236698238e-05,0.00270099251713523
"chr2_180707743_180708242",24.1671709416356,2.2031318900773,0.493135004060793,4.46760394604983,7.91005785902532e-06,0.000731159744888039
"chr2_186575218_186575729",25.4540972024636,2.3435479275033,0.435169484050811,5.38536826086284,7.22964714907486e-08,1.97475838681084e-05
"chr2_192500727_192501266",48.4875136493313,2.39349903673623,0.411874673490997,5.81123140310919,6.20149710183911e-09,2.6950203011356e-06
"chr2_193271928_193272427",16.1893670362556,2.3202408453169,0.534132100073011,4.3439457111822,1.39946113311647e-05,0.00107901462957114
"chr2_196242233_196242826",39.9832599190367,1.15318251795213,0.316654822919352,3.64176521083914,0.00027077497663269,0.00937967135238989
"chr2_199229077_199229589",43.9646503044234,1.7811935526126,0.314221734402393,5.66858799885433,1.43979117407291e-08,5.57276847411247e-06
"chr2_203811506_203812038",25.1593637262951,1.80796882617855,0.428852054719015,4.2158334238672,2.48857407633898e-05,0.0016322936057141
"chr2_207311319_207311955",28.5997921383102,1.54181852532506,0.414680330703242,3.7180893598458,0.000200735268342459,0.00773856043897635
"chr2_209619749_209620285",54.6684974885128,1.13329154477962,0.308491359903976,3.67365732749333,0.000239103343044944,0.00861978969061094
"chr2_211926575_211927074",15.9817570568836,1.99986917647691,0.489945652624453,4.08181839304904,4.46847083675661e-05,0.00254726276755804
"chr2_223465651_223466263",22.9730102634837,1.82738133829982,0.429364810605907,4.25601095655947,2.08106512742618e-05,0.00143874572970385
"chr2_227818150_227819145",121.979927895935,1.71622928547958,0.238291792514807,7.20221736287007,5.92411523268112e-13,1.21368195074114e-09
"chr20_2301066_2301596",22.4705991739299,1.8046249891837,0.495719033866922,3.64041899925949,0.000272194730329319,0.00938352073954993
"chr20_10671403_10671902",19.4929556832689,1.99094697346613,0.543734779580873,3.66161416968914,0.000250631124049787,0.00885295800492118
"chr20_47258595_47259438",19.5602729802593,-2.46072343059132,0.600506798899008,-4.09774449698638,4.17195409183448e-05,0.00244204055636728
"chr20_50359594_50360093",9.15439571786451,-2.77516963879852,0.764244277143974,-3.63125995417263,0.000282040916715874,0.00960747930314098
"chr21_15221937_15222436",19.8410928448954,3.01435232986808,0.640441429413749,4.70667916132062,2.51784705729703e-06,0.000300903705405806
"chr21_25005351_25005850",14.932221461504,2.43207421687361,0.565042566676467,4.30423185845779,1.67566104710317e-05,0.00121983020692926
"chr3_3817863_3818362",18.6697728174518,1.78692498972165,0.487933584302305,3.66222995753975,0.000250029260939286,0.00885295800492118
"chr3_5195568_5196095",15.0514577799591,2.80749683206937,0.689916903356319,4.06932605711124,4.71493250189763e-05,0.00263100572022233
"chr3_20054584_20055083",18.6952140500295,2.12909241450758,0.521041835928566,4.08622161925492,4.38454994634563e-05,0.00253102810968327
"chr3_21484659_21485246",33.9323691436217,1.4211836085755,0.352511630935966,4.03159352445213,5.53999423847761e-05,0.00296897661975847
"chr3_22713845_22714401",27.3013868195858,2.43130423713904,0.453292544534174,5.36365370764606,8.15551888022274e-08,2.15522899722532e-05
"chr3_25603678_25604626",41.2380418231005,1.68057051127303,0.35352575597176,4.75374278361567,1.99685054607562e-06,0.000255686015011343
"chr3_27521362_27521961",25.2685115950887,3.05279199977709,0.508875534355545,5.99909367551583,1.98421873095353e-09,1.05391410446684e-06
"chr3_27976804_27977328",31.0225757734713,1.46252302649239,0.36846529031061,3.96922875763823,7.21056339846729e-05,0.00356574792060067
"chr3_33791626_33792125",27.0851184216602,2.89180060831723,0.539391093587102,5.36123166047469,8.26564359859094e-08,2.15522899722532e-05
"chr3_63343598_63344097",16.6294697133481,2.29010037869266,0.537608817120229,4.25978947101329,2.04619543228484e-05,0.00143143847289741
"chr3_67000037_67000536",20.0473365372986,2.02258815089115,0.523300537182205,3.86506033756835,0.000111061740749693,0.00499290415075658
"chr3_83738155_83738654",20.6204849477964,1.89063414740629,0.491280451211672,3.84838057924615,0.000118901234925677,0.0052466541848281
"chr3_84724863_84725362",14.7220296468637,2.54626486782742,0.638218067610439,3.98964710817562,6.61716695568109e-05,0.00331806962627352
"chr3_94928882_94929416",26.5903565028779,1.82339107601347,0.410738446697161,4.43929973119333,9.02520523338244e-06,0.000775032744023578
"chr3_99505813_99506388",44.6169376856985,3.07471819490087,0.406426676924849,7.56524699157335,3.87128317180555e-14,1.85060239889545e-10
"chr3_101936510_101937064",25.3461419723195,1.8047755752838,0.404075442254568,4.46643222170078,7.95348442943547e-06,0.000731159744888039
"chr3_104886539_104887038",13.8654232629463,1.98909011340725,0.540168629007332,3.68235030061372,0.000231093570572457,0.0084579010394935
"chr3_105997809_105998689",35.3303758337082,2.13746060359614,0.384531712412329,5.55860683163674,2.71936491003065e-08,8.86327549426127e-06
"chr3_109806874_109807393",51.4995615939167,1.46313116442518,0.322367278104482,4.53870868354997,5.65997649627782e-06,0.000559791192642208
"chr3_117036355_117036870",51.7427816122693,1.36026326961105,0.305646859551492,4.45044085061795,8.56941942733885e-06,0.000758605209922632
"chr3_118772560_118773142",50.6805887383516,1.40049375348504,0.314431493633869,4.45405050651768,8.42652642968106e-06,0.00075528009705035
"chr3_142850208_142850812",33.5549075488891,1.67518820222603,0.38170708687222,4.38867461422536,1.14043548722379e-05,0.000918819400127885
"chr3_146506477_146507080",27.3611569608656,1.59673231439175,0.396747978829918,4.02455059531947,5.70842208935798e-05,0.00302082956396615
"chr3_148319563_148320062",15.8601440412059,2.04837714055659,0.562637717567437,3.64066801175852,0.000271931589715574,0.00938352073954993
"chr3_152258307_152258828",16.4143690576707,2.59341179818953,0.625630169203279,4.14527931332365,3.39399740853555e-05,0.00207167139425884
"chr3_153221659_153222197",37.4542538164334,1.66372930662684,0.333655141181161,4.98637395706576,6.15230106451644e-07,0.000106301385019555
"chr3_164155330_164155829",19.5138145929779,2.37809120192751,0.495009251780529,4.80413485884073,1.55422051819071e-06,0.000203990295994821
"chr3_167941460_167942049",26.6986507139072,1.64795429667002,0.414425134066145,3.9764825084354,6.99421409026797e-05,0.00349491373757955
"chr3_174439528_174440106",22.667186306717,2.48082620143055,0.486474929257844,5.09959722943019,3.40376990811284e-07,6.5084619002995e-05
"chr3_177345522_177346031",14.2514593738931,2.04526745679008,0.55142611769095,3.70905075253682,0.000208037728416907,0.00791371104304207
"chr3_189324705_189325204",18.0848052234087,1.58973162226703,0.428439352156826,3.71051728620185,0.000206836171796254,0.00788892962694168
"chr3_192957280_192957784",37.9292757827351,2.39994537328555,0.369272077103702,6.49912495986415,8.07885366198779e-11,7.20654730126769e-08
"chr4_8631938_8632437",15.3452944341157,-1.96206035021026,0.506746324526291,-3.87187879861665,0.000107999654782186,0.00487051273343188
"chr4_10954728_10955227",31.6413641676263,1.53538891230423,0.381869521963182,4.02071604041829,5.80215106446971e-05,0.00304279315378732
"chr4_14856308_14856836",34.9078291095757,2.65694621572395,0.402940540423946,6.59389152783807,4.2844479725467e-11,4.09621789161948e-08
"chr4_17142212_17142830",40.5586259231583,1.86635277163234,0.453836211932863,4.11239280286526,3.91579307795143e-05,0.00233059689755156
"chr4_23945405_23945915",40.5964815249509,1.66637843706855,0.336739383615506,4.94857007569761,7.47606746658346e-07,0.000121713376230837
"chr4_25173459_25173958",14.2746682587871,2.33747275223985,0.629123958689025,3.71544068534713,0.000202849847644595,0.00777826113655383
"chr4_34434367_34434866",21.7714061295601,1.77286594770123,0.488553510958702,3.62880607330461,0.000284735026800922,0.00967626781836974
"chr4_49120490_49121270",54.8820688402344,-1.31137309873039,0.288784143244709,-4.54101490475245,5.59840732135621e-06,0.000559507568659423
"chr4_49153560_49153729",26.5500169006192,-1.644052895165,0.374401358089875,-4.39115099248745,1.12752204650613e-05,0.000913547664912115
"chr4_54687845_54688681",33.5233590351937,1.52044672496605,0.352253714010066,4.31633979854248,1.5863771661081e-05,0.00119103114622558
"chr4_69546080_69546579",16.8338022088177,1.97158661726225,0.50100194173621,3.93528737719013,8.30972037012706e-05,0.00399898321570444
"chr4_70892318_70892817",18.3284704334665,2.33636562918899,0.626448617596445,3.7295407213973,0.000191829104218856,0.00749597052752758
"chr4_73315023_73315522",18.1913640352033,2.2644772180111,0.599557953306493,3.77691131528282,0.000158785237983759,0.00658132687261586
"chr4_73740315_73740848",18.0281743207603,1.8435538701003,0.472161953551701,3.90449475277012,9.44224406988593e-05,0.004382240200849
"chr4_74374517_74375016",17.7055892552821,3.33919495670426,0.748522184288408,4.46105008882096,8.15590230230753e-06,0.000743761094013571
"chr4_76090136_76090641",21.6511823583036,1.71349594889523,0.444215342527287,3.85735427134638,0.000114620974406388,0.00512080808087853
"chr4_81421326_81421909",31.7119210981106,2.24533875682421,0.431853390710468,5.19930792515086,2.00031910664292e-07,4.15747482729945e-05
"chr4_85474708_85475366",42.188199997364,1.79440264385647,0.343750291592186,5.22007599046721,1.78849730370474e-07,3.89822776075402e-05
"chr4_85725709_85726209",20.2274663454053,1.71570014081483,0.458971637723846,3.7381397886009,0.000185386866146204,0.00735338269480784
"chr4_85842429_85843034",36.7064681128423,2.56743165685953,0.382697658659652,6.70877283611199,1.96267925431e-11,2.29542969531907e-08
"chr4_87843833_87844332",26.0939710641544,2.10054833851289,0.459140293923928,4.5749596938249,4.76311677035972e-06,0.000498597500757144
"chr4_89316815_89317314",20.747475813512,2.0798898867484,0.452449468665559,4.59695508734438,4.28709984837405e-06,0.000462265405455129
"chr4_89324646_89325180",35.6800915735065,1.9739024527607,0.371934528354191,5.30712343781367,1.11368763073567e-07,2.66189905206337e-05
"chr4_90099703_90100249",55.3577356344511,2.07251365766291,0.301149272886217,6.88201448338203,5.90120117453206e-12,9.40323622710714e-09
"chr4_92101860_92102359",12.4380569708167,2.71618055117694,0.668919650870502,4.0605482999972,4.89576076113266e-05,0.00269004234005378
"chr4_106583475_106583974",14.8815205879624,2.82580413575013,0.703191928263376,4.01853892539526,5.85601360048323e-05,0.00304279315378732
"chr4_107709813_107710317",14.5048770091138,2.44432443601798,0.607907168697454,4.02088437492087,5.79800601475333e-05,0.00304279315378732
"chr4_107824109_107825028",39.8040635264679,1.5681507293321,0.415051911902265,3.77820384477922,0.000157963558298226,0.00656624750595613
"chr4_112817818_112818321",23.1629620191961,1.74245329029347,0.443109420923553,3.93233185307086,8.41258217001785e-05,0.00403494451171324
"chr4_113355573_113356133",39.6121563300678,1.22247575684699,0.327314117063688,3.73487024578632,0.000187811995805856,0.00737921049822406
"chr4_113468297_113468796",20.2119810580038,1.8716905597395,0.489162465288411,3.82631680179293,0.00013007487066634,0.00566992012226742
"chr4_115781476_115782075",30.0058807649579,1.53096367633904,0.354891628277993,4.31389064816094,1.60406310661197e-05,0.00119191031149856
"chr4_116531847_116532346",23.77227854955,1.46363584738655,0.385047418113234,3.80118338296746,0.000144006669242184,0.006111489943061
"chr4_123163585_123164084",17.9791060245445,2.00030684449854,0.504768274502627,3.96282204239072,7.40689935659239e-05,0.00363775149564697
"chr4_126963350_126963857",15.7320054570035,1.9703993342248,0.508650346824186,3.87377959442512,0.000107160335684555,0.00484790654275142
"chr4_127249015_127249514",14.2079535389836,2.21195530970624,0.548703412935149,4.03124029769369,5.54832810888551e-05,0.00296897661975847
"chr4_127698745_127699245",24.2892643008249,2.0961977602675,0.434653219642181,4.82269005620884,1.41634966571308e-06,0.00019804945122257
"chr4_144356225_144356751",22.7839777874501,1.71304159782681,0.408937832093471,4.18900249227922,2.80183323212669e-05,0.00178582623919684
"chr4_144894423_144894997",91.7828861624837,1.57529056271374,0.259031839499764,6.08145533674895,1.19096543098344e-09,7.0513310852785e-07
"chr4_148056843_148057347",50.2997849547534,1.96996617057039,0.31915606072477,6.17242287706147,6.72513354562117e-10,4.38387000807969e-07
"chr4_150280469_150281048",27.8916602767886,1.69188080329895,0.434722797352023,3.89186123572196,9.94781383607217e-05,0.00457248712253561
"chr4_156329723_156330233",21.3435982833707,2.38744228769239,0.497094481263764,4.80279379007143,1.56467000623599e-06,0.000203990295994821
"chr4_156575554_156576091",22.7515018423711,2.27241655848312,0.478936068919178,4.74471794035332,2.08797069707681e-06,0.000262663050585777
"chr4_177308119_177308618",15.055457576631,2.05390674903286,0.54508554472287,3.7680447939178,0.000164531183456941,0.00674154771987426
"chr4_179226476_179226975",15.171561052559,2.44636810490655,0.617167085958081,3.96386677217053,7.37454192873072e-05,0.00363430604123462
"chr4_182809036_182809535",28.1486261426848,2.67640894276159,0.464265346246418,5.76482600823072,8.17421260141417e-09,3.44783479167296e-06
"chr5_6766424_6766931",32.189619205339,1.70170702823726,0.380912836005459,4.46744469438902,7.91594672175364e-06,0.000731159744888039
"chr5_7802837_7803346",17.2889669558624,2.00973991443955,0.507614877023772,3.9591824538772,7.52067670388984e-05,0.00368102473073325
"chr5_13591570_13592071",20.2299504396163,1.80881452726705,0.444027850164501,4.07365107075363,4.62818063103992e-05,0.00260133624445372
"chr5_19928948_19929447",14.3411407529801,2.97475538784432,0.721859482876999,4.12096184701809,3.77293909713365e-05,0.00226392132184074
"chr5_20536773_20537272",31.1314691645391,1.72589874577178,0.392567493483425,4.39643825436772,1.10041644655545e-05,0.000901775557717244
"chr5_24817889_24818416",14.732200757039,2.3410641810381,0.56320449822364,4.15668587239958,3.22897481340334e-05,0.00199597964650937
"chr5_24905177_24905679",28.9764915702446,1.60552744506274,0.386126009935965,4.15804013132655,3.20989642533996e-05,0.00199291310721984
"chr5_26492896_26493408",19.9417689790359,1.61381094947509,0.439392239956352,3.67282533172503,0.000239883457548632,0.00861978969061094
"chr5_26757847_26758376",17.3432232257676,1.94304288819535,0.519777497748631,3.73822048205523,0.000185327386984454,0.00735338269480784
"chr5_139664158_139664657",13.3930124613287,2.4982565645824,0.668745526981388,3.73573573771645,0.00018716714552887,0.00737407701656462
"chr5_147310224_147310746",19.4241694491713,2.41711614571133,0.561369234104083,4.30575100819148,1.6642016400385e-05,0.00121983020692926
"chr5_147403935_147404737",42.842694404675,1.40515215344034,0.356297472936216,3.9437612112727,8.02135313382669e-05,0.00389946526414266
"chr5_147804956_147805465",56.176008960716,1.2060796629232,0.27896039344884,4.32347993208718,1.53587114863959e-05,0.00116539302342012
"chr5_148186181_148186680",24.7401034322509,2.06532781798603,0.453982141922179,4.54935916474897,5.38095328021643e-06,0.000543438387264675
"chr5_157100234_157100733",34.3614079420858,3.27735112691142,0.72183980763607,4.54027485356386,5.61809426727264e-06,0.000559507568659423
"chr5_158385056_158385555",14.2840774221948,2.78178371163484,0.704057810449527,3.95107286695495,7.78016296679995e-05,0.00379507881315912
"chr5_160616954_160617461",19.582336934991,1.99784867049293,0.455522168262624,4.38584290664225,1.15537486319092e-05,0.000925655358269326
"chr5_160799025_160799676",41.6383404010926,1.31545801109768,0.311827958327916,4.21853774161697,2.45891815629825e-05,0.0016322936057141
"chr5_166562239_166562744",22.3968859372684,1.80638910153513,0.44134508234236,4.09291770500318,4.25978935675336e-05,0.00247326474353036
"chr5_178585444_178585951",46.8361743128951,-1.32428670846512,0.348678022259122,-3.79802173903856,0.00014585553405309,0.00617024841845239
"chr6_17993329_17993910",27.1695304440047,1.97520923928311,0.423022681545869,4.6692750186941,3.02264515220175e-06,0.000352420765266059
"chr6_20877353_20877881",18.1798603475577,2.31180375935571,0.568495259970863,4.06653128378625,4.77180821081129e-05,0.00265242254074592
"chr6_55040097_55040596",17.0464480434816,1.90846660978331,0.49410551273118,3.86246775356586,0.00011224738534625,0.00503043672890805
"chr6_56100964_56101463",23.0760248877598,1.53848448047196,0.420930188181632,3.65496351572699,0.000257218554193515,0.0090411060923755
"chr6_67683925_67684424",20.3140937468922,2.52171389187425,0.543700670266565,4.63805551432907,3.51702331465338e-06,0.000397146703586175
"chr6_83442766_83443265",18.9491314306404,2.55788414610532,0.500426594950855,5.11140729112632,3.19767739597844e-07,6.19701236969281e-05
"chr6_84105473_84105972",16.9721527403029,2.12029879168311,0.556541778573028,3.80977470751532,0.000139093481691709,0.00600825187030363
"chr6_87756756_87757352",34.86043392784,1.46598543081346,0.360873431849014,4.06232573925479,4.85862150492346e-05,0.00268789393972533
"chr6_97460332_97460876",21.6990830001707,1.71112171602969,0.470154245054302,3.6394900908149,0.000273178449049855,0.00939484925137644
"chr6_101761094_101761755",25.5019951485427,1.48670848212351,0.403613906475744,3.68349171886836,0.000230060761237953,0.0084579010394935
"chr6_104418015_104418582",38.2488509964342,1.55999393715348,0.334089506324557,4.66938921343432,3.02096558192826e-06,0.000352420765266059
"chr6_108689281_108689780",26.0754225209209,1.82480640953536,0.455108909442383,4.00960379301557,6.08207144383824e-05,0.00310402087459374
"chr6_119146988_119147487",41.8460209092334,2.30373468852616,0.473871136225731,4.86152143993164,1.16486961112953e-06,0.000175846264139038
"chr6_119310365_119310951",26.7477370069545,1.72507836819109,0.422946336257271,4.07871689693927,4.52849414563261e-05,0.00255681632057155
"chr6_122770634_122771270",37.127556468137,1.6998912863756,0.347609191598196,4.89023687365702,1.00714706162371e-06,0.000156994521855931
"chr6_125598330_125598847",46.8418599352787,2.23012099552275,0.343586090768705,6.49071966368981,8.54273091984873e-11,7.20654730126769e-08
"chr6_126180508_126181007",14.0114001496594,3.17191136984478,0.713427083639032,4.44602040290589,8.74756439251418e-06,0.000765457709163192
"chr6_127102196_127102781",34.4345998346218,2.54591924845549,0.417481224618895,6.09828442172358,1.07212860344285e-09,6.68495491390172e-07
"chr6_133983306_133983805",15.4745885641094,2.32105700217533,0.560777351132503,4.13899919012046,3.48824181458014e-05,0.00211254040736172
"chr6_136593245_136594392",25.7856406848254,1.81979433246382,0.429262703882602,4.23934880902561,2.24169111242403e-05,0.00153086153539395
"chr6_152095078_152095577",32.9289585908847,1.83820496061632,0.395878050367876,4.6433616587435,3.42785545322479e-06,0.000393271000437573
"chr6_152587448_152587951",30.2029355261137,1.60923115643458,0.361222206366997,4.45496187130762,8.39081055960139e-06,0.00075528009705035
"chr6_154139921_154140420",19.7404881988097,2.06597087618846,0.483673407582513,4.27141712527583,1.94234710125601e-05,0.00139975878286997
"chr6_155224000_155224499",20.9912799360864,1.71481323735684,0.460487251369254,3.72391034118287,0.00019616061473926,0.00762368394573368
"chr6_157310481_157311116",40.6385958564294,-1.41791492610012,0.374635418931223,-3.78478609989736,0.000153840837916321,0.006432161680927
"chr6_157764320_157764976",35.7527428178952,1.96341259894322,0.430852641443297,4.557039716331,5.18796171264696e-06,0.000527663538447306
"chr6_163712186_163712988",49.0301410592114,1.27430755656431,0.316380807649411,4.02776504059122,5.63095741078712e-05,0.00299087260104067
"chr7_12066469_12067009",32.7384476267667,1.92754175582947,0.447721667886713,4.3052232985007,1.66817382188583e-05,0.00121983020692926
"chr7_13850013_13850602",39.8752338349593,1.81049368092755,0.372935557736552,4.85470919403858,1.2056353726052e-06,0.000178424043211084
"chr7_17773201_17773700",16.7993761673944,2.15968511697797,0.526554577546944,4.10154086408151,4.10408008590558e-05,0.00241215625049065
"chr7_20199305_20199826",39.7200441829531,1.2414529728033,0.327760366159619,3.78768484838316,0.000152057551167552,0.0063761910564148
"chr7_20219565_20220289",87.4083660016176,1.07627846984163,0.254389719977846,4.23082532554916,2.32835430538146e-05,0.00156032378941474
"chr7_50266824_50267360",25.2376752486622,1.60904794197818,0.438565833779097,3.66888575909597,0.000243609900043186,0.00866900639334821
"chr7_53596156_53596655",22.3032382012152,1.93973820567975,0.526496161479207,3.68423997666003,0.000229386054599097,0.0084579010394935
"chr7_54166343_54166842",21.2442822364916,1.59578915717339,0.407461449422526,3.91641751492079,8.98745463496311e-05,0.00428202946578093
"chr7_77327168_77327667",17.6475005788755,2.35474333960451,0.515994303134213,4.56350646761313,5.0306259363255e-06,0.000515315761091743
"chr7_79778961_79779460",28.5367144370615,1.71074578105376,0.39260764833519,4.35739290436138,1.31620865683478e-05,0.0010258558884602
"chr7_81684870_81685370",19.0868482013794,2.51267277173322,0.510545141047578,4.92154869318217,8.58620326857517e-07,0.00013531290227982
"chr7_81846356_81846855",24.7170543417596,1.55617215529907,0.397627868307061,3.91363955933126,9.09153150422844e-05,0.00431727328815033
"chr7_82616256_82616755",24.02735958515,1.81919402293128,0.432161319240031,4.20952533681263,2.55907745034816e-05,0.00166062125409244
"chr7_82805397_82805919",20.3778801003847,3.08811942603258,0.5686268105311,5.43083683153853,5.6090402408849e-08,1.64161726723531e-05
"chr7_83468145_83468693",31.552919687529,1.96329209798732,0.36834788042995,5.3299942860963,9.821585671137e-08,2.39767935203776e-05
"chr7_94043266_94043765",22.3577702893279,2.4612826355378,0.511171057257914,4.81498825215361,1.47208550215973e-06,0.00019804945122257
"chr7_94049981_94050480",15.8737846139203,1.76199470278143,0.482488398361437,3.65189030195395,0.000260317086475511,0.0091053837491349
"chr7_94620624_94621126",26.1661342865287,3.16329449491677,0.529304421413082,5.97632358042984,2.28229459454191e-09,1.16894238501163e-06
"chr7_95608268_95609208",53.7439766933954,1.21912065184354,0.300917170300391,4.05134958110417,5.0923058579438e-05,0.00276624084502925
"chr7_120052773_120053759",32.0274624419773,1.33048338455917,0.361621581990904,3.6792145458637,0.000233953392439095,0.00850334219939215
"chr7_126700943_126701522",42.2495769080452,1.73981447185086,0.360270076733019,4.82919505174493,1.37086077376895e-06,0.000194648656996242
"chr7_126979738_126980256",26.5680661471412,1.84951067538586,0.403795367090362,4.58031673001334,4.64272295807454e-06,0.000493194740309237
"chr7_126993721_126994261",28.171800043332,2.21420364150564,0.411281239670428,5.38367284459642,7.29810992964051e-08,1.97475838681084e-05
"chr7_146948648_146949156",37.0102071000992,1.30297093510717,0.353188380584745,3.68916704719998,0.000224989461827163,0.00843115471000912
"chr7_146961637_146962136",27.7029441545177,2.51578691929146,0.532671983244435,4.7229570888413,2.32439907545996e-06,0.000282493280857384
"chr7_158595007_158595512",38.2312144528321,-1.29783956575976,0.340798098950555,-3.8082359313514,0.000139961703462266,0.00601992549715204
"chr8_26133636_26134509",28.7462032036963,1.78035142648683,0.393557027830273,4.52374446545172,6.07550706941961e-06,0.000585088882389604
"chr8_27299767_27300266",28.2440444841273,2.16271219366873,0.469452240337885,4.60688438106533,4.08747121205099e-06,0.00044746889047346
"chr8_31833478_31833982",16.8478263376939,2.72926035778859,0.540507154040439,5.04944354091638,4.43098866283554e-07,8.04364663464867e-05
"chr8_49366794_49367293",15.221616849092,3.03193425870378,0.629554507418031,4.81599960444815,1.46464812982969e-06,0.00019804945122257
"chr8_50056410_50056909",17.7675109817405,1.96679096345974,0.50368903890023,3.90477221373347,9.4314177758252e-05,0.004382240200849
"chr8_63191914_63192413",14.373452614857,2.30339188684127,0.570502791282091,4.03747698002468,5.40291446182041e-05,0.00291290211642731
"chr8_63199970_63200535",22.4208955255864,1.76463687747062,0.440607569116628,4.00500808692082,6.20153595215399e-05,0.00314262286536538
"chr8_64065761_64066261",18.3580261185387,1.81349897532023,0.482086851863249,3.76176817167098,0.000168716394441209,0.00683492037480615
"chr8_71246787_71247346",23.2964561988554,1.63457950319359,0.388877354317787,4.20332910889387,2.6301773932682e-05,0.00169145174873808
"chr8_80864667_80865268",35.873403439586,1.82049553921363,0.367807708630383,4.94958505897732,7.43718695792983e-07,0.000121713376230837
"chr8_81026260_81026812",23.1094210796822,2.02039086379265,0.487224094330884,4.14673840497831,3.37245001399808e-05,0.00207167139425884
"chr8_81364472_81365009",18.3326317790983,1.79552044675128,0.475751938540684,3.7740685876317,0.000160606573868109,0.00661855998805331
"chr8_85535195_85535762",35.9361090703797,1.68169615246818,0.379842007993179,4.42735694599208,9.53947981690337e-06,0.000800033216691294
"chr8_90005602_90006252",33.7086985973542,1.44363333878218,0.379124370542258,3.8078093917238,0.000140203271462853,0.00601992549715204
"chr8_90230915_90231618",29.1312743186729,2.70330231282364,0.486734067755877,5.55396158170603,2.79266884817268e-08,8.89992532258766e-06
"chr8_91180182_91180693",28.1810332040165,1.85075489290785,0.384522136238188,4.81312964453474,1.48584828747793e-06,0.00019804945122257
"chr8_110651524_110652103",16.2033671490274,2.36791773341498,0.576563528161376,4.10695026264689,4.00917516818167e-05,0.00236607329575693
"chr8_118108698_118109197",17.852190942221,2.19186119204438,0.485347106927241,4.51606934657789,6.299804156876e-06,0.000602303276091725
"chr8_118905056_118905583",19.7196986332558,2.07079328708712,0.507370213181775,4.08142463488534,4.47604921152379e-05,0.00254726276755804
"chr8_120827572_120828071",23.6245627141144,1.81604205895312,0.477593055025127,3.80248841528396,0.000143249966980796,0.006111489943061
"chr8_125212190_125212689",85.8267429523786,-1.34566295704061,0.267249931916515,-5.03522282453184,4.77293298996417e-07,8.55607900113452e-05
"chr8_125214089_125214393",78.8710212826258,-1.08835465280706,0.28233374133127,-3.8548515231485,0.000115799886638717,0.00515741047914855
"chr8_125335033_125335202",57.2770002734975,-1.67350934735941,0.296309108980097,-5.64784981845367,1.62467006368293e-08,5.97420343160946e-06
"chr8_125376244_125376743",143.807920596677,-1.14601433711146,0.270855343844323,-4.23109369320821,2.32557770414873e-05,0.00156032378941474
"chr8_125469231_125469400",100.986662276518,-1.15024287498844,0.263669815586086,-4.3624366802536,1.28621818607597e-05,0.00100795928997353
"chr8_125495154_125495653",269.854526197565,-1.1032211814448,0.209618698976238,-5.26299030970449,1.41731051510507e-07,3.27833066082609e-05
"chr8_125531267_125531436",96.5135185565991,-1.21212829428365,0.26309546588667,-4.60718047800103,4.08165716448727e-06,0.00044746889047346
"chr8_125957660_125958203",298.587557864785,-1.2793109948075,0.187083562924866,-6.83817955360024,8.02058330390416e-12,1.1502318516129e-08
"chr8_127104376_127104537",103.907799638024,-1.15992367249114,0.23792747830358,-4.87511438679292,1.08745424003907e-06,0.000167690121036562
"chr8_127196757_127197256",368.950764318302,-1.55077248860701,0.214571426925346,-7.22730193310668,4.92683929365504e-13,1.17759670517178e-09
"chr8_127207041_127207202",137.340879266631,-1.50100349517153,0.186290657674226,-8.05732028600378,7.79851232714111e-16,5.59192326417653e-12
"chr8_127322490_127322659",66.2436979616486,-1.08007760586743,0.25613569232383,-4.21681803136556,2.4777375632522e-05,0.0016322936057141
"chr8_127330078_127330577",158.520573956873,-1.3781679661895,0.251083746657399,-5.4888776535185,4.04495665382041e-08,1.20851507025914e-05
"chr8_127733873_127734372",842.384287470729,-1.01725009347217,0.138247592877846,-7.35817580831951,1.86440399362844e-13,6.68435441815637e-10
"chr8_128949763_128950262",12.3518778916563,2.63571567680652,0.68862321559684,3.82751498513176,0.00012944350580718,0.00566440858710134
"chr8_129149723_129150327",235.91742185619,-1.36837398572192,0.203784224869272,-6.71481802185488,1.88301069575629e-11,2.29542969531907e-08
"chr8_129449455_129449954",191.073550740956,-1.11183318034311,0.208539193041034,-5.33153103802572,9.73881714567456e-08,2.39767935203776e-05
"chr8_129510669_129510830",114.58282881123,-1.16200653576934,0.224682835589128,-5.17176371182299,2.31894707043635e-07,4.75085999101824e-05
"chr8_129574186_129574355",53.3579772037823,-1.2067302036877,0.271506880084703,-4.44456583682606,8.80695363028567e-06,0.000765457709163192
"chr8_129627029_129627528",93.063158795403,-1.5135017457024,0.30597034885922,-4.94656345409071,7.55351125064117e-07,0.000121713376230837
"chr8_129681891_129682432",466.925764691116,-1.30685963693752,0.145541944682085,-8.97926463599316,2.72582429944563e-19,3.90910462783497e-15
"chr8_131816019_131816815",28.7001888752859,1.60152994998401,0.399980187430991,4.00402319992492,6.22742535119446e-05,0.00314463052681267
"chr8_131827457_131827956",17.9732769368776,2.0841298650601,0.56069410866903,3.71705326101497,0.000201559963729669,0.00774952128645357
"chr8_131856667_131857234",36.4685380131682,2.15604004903478,0.434491626504843,4.96221311876248,6.9694461757864e-07,0.000116911820180876
"chr8_138191907_138192419",28.3887524504218,1.46268014730837,0.386658137854791,3.78287692436382,0.000155026079928975,0.0064628750356437
"chr9_2570600_2571132",28.3280494760161,1.61346025861457,0.431200522891368,3.74178641481158,0.000182716777866154,0.00731938913792883
"chr9_7828321_7828820",10.5001329677301,3.05524111509133,0.786451541583089,3.88484344368031,0.000102395849887924,0.00466844760927804
"chr9_23581818_23582406",19.1092009438322,2.08610851614539,0.470828135586669,4.43072186743052,9.39181609028144e-06,0.000792282556180742
"chr9_73220134_73220722",36.8916964274638,2.29022136551402,0.362794624294144,6.31272133640319,2.74170924918894e-10,2.06941328119045e-07
"chr9_73270976_73271475",16.1855550674761,2.23582468219148,0.518675497192577,4.31064257766808,1.62780832791955e-05,0.00120331954797393
"chr9_73869168_73869670",41.337904054382,2.60952499510848,0.433437463479456,6.0205340215871,1.73842560149797e-09,9.588754442724e-07
"chr9_82247247_82247746",16.5871776715132,1.81750928965934,0.499976790146351,3.63518732365022,0.000277778720292946,0.00948482054219317
"chr9_87713483_87713982",18.433013128942,4.0066930793508,0.889281868137789,4.50553780854777,6.62050493542342e-06,0.000628772591251041
"chr9_116549203_116549702",27.7981859506128,1.7593419248522,0.438396978570417,4.01312511456922,5.99201326625212e-05,0.00308010788988188
"chrX_19085999_19086627",22.8801917871935,1.73698351084306,0.470859261265654,3.68896537401454,0.000225167858164249,0.00843115471000912
"chrX_22800235_22800734",11.3130577060166,2.75855589402925,0.705545517695582,3.90981988382423,9.23649668374613e-05,0.00437163692876578
"chrX_34218063_34218562",26.1861455013215,1.69371593171318,0.397586831934299,4.2599900089072,2.0443604188742e-05,0.00143143847289741
"chrX_67780508_67781030",33.9237356504871,1.62054828410602,0.397887993285531,4.0728755615983,4.64362372624051e-05,0.00260133624445372
"chrX_80223861_80224403",43.2201566616896,1.67946634289429,0.340267769306541,4.93571973130753,7.98557159402496e-07,0.000127245646922124
"chrX_109270956_109271482",30.7791499683263,1.5710964498006,0.411025228208819,3.82238447174443,0.000132167405032443,0.00574367501687957
"chrX_118975991_118976490",18.0342907689853,1.96753831522754,0.518677400246469,3.79337583301796,0.000148612960376563,0.00626840724929498
"chrX_150200865_150201442",24.2930928126464,1.76472292956534,0.464263283837258,3.80112533340875,0.00014404041564428,0.006111489943061
